Fecha;id_Cliente;first_name;email;id_company;quantity;address;article;unit price
08/08/2021;Khaki;Abatz;hhaskey0@surveymonkey.com;80;534;102 Linden Court; Manzana;35
02/04/2021;Aquamarine;Gigashots;nmarioneau1@go.com;68;831;7 Myrtle Place; Banana;10
07/10/2021;Khaki;Vitz;cjarrette2@businessweek.com;30;389;0642 Spaight Trail; Pera;25
25/09/2021;Khaki;Innotype;ddello3@mayoclinic.com;74;438;4 Warner Avenue; Sandia;51
28/06/2021;Fuscia;Eire;apinsent4@bloglines.com;69;593;05441 Victoria Court;Espinaca;5
23/01/2022;Teal;Gabtype;tfellibrand5@blogspot.com;5;394;0050 8th Road;Acelga;7
26/09/2021;Mauv;Fivechat;kfretter6@privacy.gov.au;68;963;36849 Armistice Center;Cereza;60
11/01/2022;Indigo;Devbug;cpenwright7@umn.edu;42;699;4693 Scoville Terrace;Pomelo;84
17/11/2021;Purple;Browsetype;alinch8@columbia.edu;41;674;269 Crest Line Circle;Limon;12
25/02/2021;Puce;Jabbersphere;kminshull9@stanford.edu;69;850;31 Melrose Way; Manzana;35
26/02/2022;Maroon;Quimm;hgantleya@a8.net;33;904;693 Loftsgordon Pass; Banana;10
20/06/2021;Khaki;Wikivu;wnoadb@ycombinator.com;70;272;37904 Vahlen Drive; Pera;25
10/02/2022;Indigo;Tekfly;agilksc@google.it;94;303;88 John Wall Alley; Sandia;51
15/06/2021;Puce;Zoombox;scandelind@blogger.com;17;138;73 Morningstar Trail;Espinaca;5
22/09/2021;Crimson;Quimba;ltrengrovee@xing.com;14;460;4 Coolidge Road;Acelga;7
24/11/2020;Orange;Eadel;cmorfellf@google.com.hk;88;570;56985 Texas Hill;Cereza;60
15/10/2020;Red;Livetube;rgladwishg@princeton.edu;24;348;39651 Red Cloud Center;Pomelo;84
08/12/2021;Teal;Trilia;slilianh@cdc.gov;16;126;1920 Dwight Way;Limon;12
16/04/2021;Turquoise;Brightdog;gwitsoni@nbcnews.com;70;659;7230 Sutteridge Trail; Manzana;35
05/10/2020;Pink;Janyx;rsimonelj@blogger.com;48;576;95661 Valley Edge Point; Banana;10
13/12/2021;Goldenrod;Agimba;bmitchelhillk@surveymonkey.com;4;79;8246 Westend Plaza; Pera;25
26/09/2020;Maroon;Agivu;chebronl@rediff.com;34;522;14 Rieder Lane; Sandia;51
27/10/2021;Maroon;Youopia;dsambrookm@creativecommons.org;49;456;920 Brickson Park Terrace;Espinaca;5
28/05/2021;Khaki;Zoomdog;doheneryn@ihg.com;84;109;2663 Buell Road;Acelga;7
16/12/2020;Orange;Realbuzz;gkoselo@addtoany.com;2;119;79 Redwing Avenue;Cereza;60
08/10/2020;Puce;Trilith;charrinsonp@quantcast.com;20;578;3149 Clove Place;Pomelo;84
23/07/2021;Yellow;Tagpad;belflainq@arstechnica.com;18;621;84813 Jay Center;Limon;12
06/11/2020;Teal;Edgeblab;jtilstonr@drupal.org;83;864;059 Eliot Court; Manzana;35
31/05/2021;Blue;Zoonoodle;mskingles@reuters.com;56;40;76 Johnson Pass; Banana;10
17/10/2020;Red;Yotz;cmccottert@home.pl;25;295;542 Hoard Pass; Pera;25
02/09/2021;Yellow;Teklist;vbankhurstu@sohu.com;70;629;6 Superior Avenue; Sandia;51
24/08/2021;Blue;Edgetag;ehabornv@qq.com;1;182;966 Warner Drive;Espinaca;5
05/01/2022;Red;Shuffledrive;ocrimw@twitpic.com;27;155;005 Northport Parkway;Acelga;7
18/01/2022;Aquamarine;Kayveo;rgrixx@comsenz.com;29;763;05707 Boyd Circle;Cereza;60
03/05/2021;Blue;Pixonyx;mbunchy@meetup.com;84;628;26399 Stoughton Hill;Pomelo;84
07/03/2022;Aquamarine;Realbridge;cvanleeuwenz@sitemeter.com;25;889;695 Killdeer Pass;Limon;12
13/01/2021;Goldenrod;Einti;eholsall10@gravatar.com;54;30;42 Old Shore Way; Manzana;35
21/08/2021;Goldenrod;Skidoo;kburrell11@instagram.com;9;286;705 Menomonie Point; Banana;10
06/10/2020;Mauv;Ntags;prief12@google.co.uk;10;91;549 Barby Avenue; Pera;25
07/08/2021;Goldenrod;Topiclounge;lfreeland13@cnet.com;55;162;52678 Corscot Junction; Sandia;51
16/10/2021;Khaki;Topicware;tderoberto14@privacy.gov.au;38;433;668 Service Drive;Espinaca;5
15/07/2021;Violet;Gabtune;cmccahey15@hp.com;53;522;076 3rd Terrace;Acelga;7
07/04/2021;Goldenrod;Jetpulse;qwebling16@amazon.co.uk;85;840;35256 Dexter Pass;Cereza;60
02/07/2021;Blue;Dynazzy;lgarfoot17@irs.gov;66;652;9 Katie Lane;Pomelo;84
30/06/2021;Khaki;Twinder;jrattray18@nsw.gov.au;59;589;87650 Sauthoff Point;Limon;12
12/04/2021;Maroon;Youspan;gmanklow19@constantcontact.com;26;565;979 Buena Vista Park; Manzana;35
28/02/2022;Yellow;Camido;khargie1a@forbes.com;89;834;3 Laurel Crossing; Banana;10
13/11/2020;Teal;Trupe;lagney1b@intel.com;66;546;82 Muir Terrace; Pera;25
26/11/2020;Indigo;Youspan;dpuckring1c@twitpic.com;55;506;1 Rieder Road; Sandia;51
20/01/2022;Violet;Roombo;gpeat1d@bigcartel.com;81;762;42433 Talisman Park;Espinaca;5
25/12/2020;Crimson;Devshare;dfuidge1e@freewebs.com;27;761;3 Lien Park;Acelga;7
08/07/2021;Violet;Skibox;glenchenko1f@amazonaws.com;24;731;51171 Sunfield Trail;Cereza;60
11/02/2022;Teal;Eare;ahinckes1g@about.me;83;320;7217 Vermont Alley;Pomelo;84
21/12/2020;Mauv;Topdrive;hlouisot1h@istockphoto.com;94;760;19 Walton Street;Limon;12
22/11/2021;Khaki;Blogtags;jemmott1i@upenn.edu;10;764;25120 Randy Park; Manzana;35
03/03/2022;Green;Skyba;fdisman1j@wikimedia.org;6;193;414 John Wall Street; Banana;10
04/10/2021;Puce;Skyvu;hodoherty1k@google.com.au;76;355;0 Leroy Court; Pera;25
31/07/2021;Pink;Voolia;ekempshall1l@phoca.cz;55;590;8038 School Hill; Sandia;51
10/08/2021;Turquoise;Zoombox;hdenton1m@gov.uk;89;150;5 Elmside Point;Espinaca;5
06/01/2022;Crimson;Bluezoom;phatherley1n@blinklist.com;66;433;3 Ridge Oak Parkway;Acelga;7
23/02/2021;Maroon;Lajo;mtibb1o@bluehost.com;50;149;998 Summit Trail;Cereza;60
02/03/2021;Fuscia;Flipstorm;dmistry1p@yahoo.com;45;504;8 Forster Court;Pomelo;84
12/11/2021;Goldenrod;Ailane;afellowes1q@uol.com.br;18;108;2 Old Shore Lane;Limon;12
08/11/2020;Indigo;Quire;cturneaux1r@shareasale.com;97;952;10497 Brickson Park Park; Manzana;35
05/02/2021;Mauv;Viva;lbunny1s@google.ca;74;167;0634 Anzinger Drive; Banana;10
23/05/2021;Pink;Skyble;tteggart1t@about.com;85;245;3404 Glendale Hill; Pera;25
17/12/2021;Green;Gigaclub;rdelaci1u@google.com.hk;58;348;7 Fairview Point; Sandia;51
21/11/2021;Turquoise;Livefish;bvedekhin1v@accuweather.com;25;98;65 Pond Circle;Espinaca;5
27/09/2020;Orange;Mynte;ccankett1w@flickr.com;35;883;4 Northland Crossing;Acelga;7
12/10/2020;Indigo;Edgeclub;pfetherstone1x@eepurl.com;62;355;20 Alpine Parkway;Cereza;60
17/03/2021;Fuscia;Ntag;dgorick1y@ucsd.edu;23;707;0 Sundown Center;Pomelo;84
15/09/2021;Maroon;Twitterwire;lschimon1z@washingtonpost.com;14;6;3 Lerdahl Lane;Limon;12
26/09/2020;Maroon;Oyoyo;ftallis20@123-reg.co.uk;78;124;9930 Delladonna Alley; Manzana;35
05/01/2022;Green;Zoomzone;bedmands21@columbia.edu;99;237;687 Chinook Pass; Banana;10
07/02/2022;Pink;Browsezoom;ksimonetto22@ft.com;20;347;4 School Alley; Pera;25
15/04/2021;Fuscia;Aivee;alangcastle23@ihg.com;14;176;872 Pawling Crossing; Sandia;51
17/02/2021;Pink;Thoughtstorm;aheineken24@va.gov;11;778;5 Quincy Street;Espinaca;5
02/11/2020;Green;Livepath;ssimoneschi25@foxnews.com;70;662;27 Waubesa Crossing;Acelga;7
11/12/2021;Orange;Linktype;galthorp26@amazon.co.uk;28;116;0949 Clemons Point;Cereza;60
31/05/2021;Goldenrod;Zooveo;sdavenell27@cyberchimps.com;19;317;7728 Crowley Court;Pomelo;84
13/11/2020;Aquamarine;Jabbertype;gpays28@bloomberg.com;45;412;245 Bartillon Alley;Limon;12
24/08/2021;Red;Zazio;cgon29@bloomberg.com;68;571;48 Mayfield Hill; Manzana;35
09/02/2021;Red;Kwilith;pgerhartz2a@businessweek.com;6;266;0 Springs Park; Banana;10
03/12/2021;Indigo;Yata;dbleackley2b@infoseek.co.jp;95;331;70 Harper Place; Pera;25
07/05/2021;Khaki;Topiclounge;farnald2c@virginia.edu;59;455;473 Annamark Parkway; Sandia;51
07/03/2022;Khaki;Skibox;dcallear2d@goo.ne.jp;45;605;85646 Gerald Alley;Espinaca;5
30/06/2021;Fuscia;Meemm;acalender2e@buzzfeed.com;68;582;4145 Merrick Crossing;Acelga;7
29/07/2021;Crimson;InnoZ;sgerardin2f@g.co;18;810;84938 Hanover Circle;Cereza;60
18/01/2022;Purple;Brainbox;lvance2g@google.nl;81;976;7143 Havey Way;Pomelo;84
18/05/2021;Red;Wikido;hgrzegorek2h@abc.net.au;53;681;011 Stang Drive;Limon;12
04/05/2021;Goldenrod;Browsedrive;gkorf2i@loc.gov;75;609;953 Huxley Circle; Manzana;35
09/11/2021;Purple;Meembee;mdows2j@clickbank.net;64;401;45647 Vermont Park; Banana;10
29/10/2021;Puce;Yadel;cjanu2k@trellian.com;69;932;0583 Huxley Plaza; Pera;25
22/01/2022;Maroon;Livefish;mpankettman2l@ocn.ne.jp;94;204;9 Anzinger Pass; Sandia;51
07/10/2021;Goldenrod;Aimbu;ghallahan2m@npr.org;35;404;345 Ramsey Place;Espinaca;5
10/02/2022;Red;Yodoo;cfenning2n@google.com.hk;3;246;62018 8th Way;Acelga;7
24/07/2021;Green;Realbuzz;kosheils2o@taobao.com;83;81;112 Claremont Alley;Cereza;60
30/03/2022;Puce;Realpoint;mmatresse2p@creativecommons.org;1;9;7222 Northland Parkway;Pomelo;84
09/03/2021;Purple;Photojam;kpheasant2q@freewebs.com;14;938;2 Becker Alley;Limon;12
10/03/2021;Red;Lajo;dbrosius2r@trellian.com;53;621;72757 Bobwhite Hill; Manzana;35
07/01/2022;Teal;Bubblemix;jbredgeland2s@geocities.com;8;675;459 Oxford Drive; Banana;10
02/01/2022;Pink;Rhynyx;ssambell2t@dmoz.org;85;368;05 Duke Alley; Pera;25
19/08/2021;Pink;Mita;epahlsson2u@friendfeed.com;53;982;7353 New Castle Parkway; Sandia;51
26/09/2020;Crimson;Realmix;kmacgowan2v@skyrock.com;27;903;73 Mendota Street;Espinaca;5
11/11/2020;Orange;Flashset;dkops2w@infoseek.co.jp;60;418;08113 Buena Vista Park;Acelga;7
12/06/2021;Orange;Thoughtworks;arapo2x@wunderground.com;10;631;5559 La Follette Trail;Cereza;60
14/03/2022;Puce;Mydeo;mhowsan2y@sfgate.com;33;262;97 Saint Paul Crossing;Pomelo;84
07/11/2020;Teal;Gabvine;kcordelet2z@timesonline.co.uk;10;743;333 Emmet Place;Limon;12
28/10/2021;Crimson;Yotz;lweedenburg30@wired.com;91;668;281 Twin Pines Circle; Manzana;35
14/01/2021;Turquoise;Pixonyx;fhulks31@dailymotion.com;54;151;64 Memorial Point; Banana;10
26/02/2021;Indigo;Yakijo;emayling32@disqus.com;14;882;33303 Ryan Terrace; Pera;25
22/12/2020;Aquamarine;Zoombox;welintune33@nps.gov;12;530;49 Sutteridge Road; Sandia;51
12/07/2021;Green;Midel;dgarrique34@boston.com;88;733;38 Manley Place;Espinaca;5
13/01/2022;Puce;Agivu;aillingworth35@utexas.edu;22;204;0 Myrtle Trail;Acelga;7
23/08/2021;Green;Gevee;jmiddlewick36@wunderground.com;1;263;1398 Sundown Parkway;Cereza;60
13/01/2022;Aquamarine;Realblab;dramplee37@sogou.com;57;856;2983 Debs Street;Pomelo;84
28/01/2021;Teal;Blognation;jchamberlain38@cdbaby.com;32;892;057 Corscot Plaza;Limon;12
12/01/2022;Pink;Flashdog;cleggatt39@constantcontact.com;69;159;02 Swallow Road; Manzana;35
19/05/2021;Aquamarine;Feedbug;medgerley3a@msu.edu;53;39;6139 Arapahoe Alley; Banana;10
21/08/2021;Pink;Plambee;mtouhig3b@mysql.com;4;353;60530 Westridge Drive; Pera;25
14/11/2020;Maroon;Trudoo;rvanhalle3c@cdc.gov;64;905;3 Melby Way; Sandia;51
11/02/2021;Puce;Roomm;kcronshaw3d@dot.gov;86;568;660 Washington Crossing;Espinaca;5
21/10/2020;Turquoise;Twiyo;flawday3e@123-reg.co.uk;27;709;08798 Pierstorff Place;Acelga;7
20/10/2020;Red;Jabbertype;eabrahamian3f@goo.ne.jp;49;604;2650 Nevada Lane;Cereza;60
02/02/2021;Yellow;Feednation;nterney3g@oracle.com;22;956;24529 Melrose Alley;Pomelo;84
30/09/2020;Indigo;Youbridge;gfoggo3h@economist.com;68;851;6 Magdeline Drive;Limon;12
17/09/2021;Red;Vidoo;pcartmel3i@utexas.edu;29;849;788 Rowland Crossing; Manzana;35
11/10/2021;Fuscia;Gevee;aburde3j@scientificamerican.com;19;329;8129 Grasskamp Center; Banana;10
05/11/2020;Aquamarine;Reallinks;jmelendez3k@wsj.com;13;707;50 Lien Pass; Pera;25
07/11/2021;Fuscia;Yodel;jsexon3l@miitbeian.gov.cn;41;521;897 Sage Point; Sandia;51
09/10/2020;Fuscia;Kwideo;bsaturley3m@vk.com;81;822;6 Sommers Terrace;Espinaca;5
04/06/2021;Fuscia;Vinder;dcopper3n@is.gd;30;325;2286 Hudson Court;Acelga;7
27/12/2021;Blue;Oyoloo;vingleby3o@devhub.com;87;49;852 Kings Crossing;Cereza;60
30/04/2021;Indigo;Meeveo;asinfield3p@photobucket.com;68;101;64 Bartelt Junction;Pomelo;84
21/12/2020;Blue;InnoZ;lbullivent3q@indiatimes.com;96;832;874 Nevada Drive;Limon;12
17/01/2022;Crimson;Mydo;djosefsen3r@irs.gov;75;697;8 Northwestern Drive; Manzana;35
03/11/2021;Purple;JumpXS;mbarham3s@netscape.com;52;728;7376 Holy Cross Center; Banana;10
09/12/2020;Green;Zooxo;fbattista3t@buzzfeed.com;32;112;1 Rowland Center; Pera;25
23/11/2020;Orange;Shuffledrive;byeell3u@bloglines.com;38;247;8521 Pawling Point; Sandia;51
14/12/2020;Teal;Brainlounge;tflaherty3v@typepad.com;99;796;164 Magdeline Parkway;Espinaca;5
08/01/2022;Mauv;Cogilith;mchristall3w@dot.gov;54;144;0944 New Castle Drive;Acelga;7
16/12/2021;Puce;Plambee;wcancelier3x@themeforest.net;87;18;71907 Trailsway Trail;Cereza;60
24/03/2021;Khaki;Roombo;adeclercq3y@quantcast.com;80;971;635 Melrose Trail;Pomelo;84
20/04/2021;Khaki;Eare;asambles3z@wiley.com;38;954;13 Sunnyside Lane;Limon;12
21/03/2022;Aquamarine;Realbridge;rbakey40@youtu.be;1;694;812 Chive Crossing; Manzana;35
12/03/2021;Yellow;Digitube;nleather41@jugem.jp;72;80;5 Westend Place; Banana;10
06/08/2021;Crimson;Blogtag;apenberthy42@stumbleupon.com;25;643;7029 Ridgeview Way; Pera;25
17/07/2021;Pink;Skyba;delven43@house.gov;13;195;769 Dunning Park; Sandia;51
10/01/2022;Puce;Divanoodle;jdowderswell44@berkeley.edu;83;791;79454 John Wall Court;Espinaca;5
15/09/2021;Teal;Camimbo;mceney45@sphinn.com;18;985;0332 Badeau Center;Acelga;7
07/01/2021;Indigo;Riffpath;rflann46@bbc.co.uk;22;111;045 Mcguire Circle;Cereza;60
10/01/2022;Orange;Dynabox;mmarquet47@w3.org;1;839;610 Sunbrook Way;Pomelo;84
18/12/2021;Mauv;Photolist;pvonwelldun48@psu.edu;72;141;72280 Summer Ridge Crossing;Limon;12
09/11/2020;Aquamarine;Youopia;stelega49@homestead.com;62;519;3 Parkside Place; Manzana;35
11/12/2020;Aquamarine;Rhynyx;agullen4a@webs.com;82;205;5 Garrison Avenue; Banana;10
13/10/2021;Pink;Feedfire;sbeszant4b@woothemes.com;27;531;522 Little Fleur Plaza; Pera;25
28/04/2021;Maroon;Thoughtsphere;cgiraldez4c@fastcompany.com;82;720;39037 Meadow Vale Drive; Sandia;51
18/08/2021;Purple;Skimia;jkempstone4d@icq.com;35;217;6472 Leroy Park;Espinaca;5
22/08/2021;Crimson;Brightdog;bkimbrough4e@uiuc.edu;2;250;8 Moulton Crossing;Acelga;7
18/10/2021;Goldenrod;Zoombox;sfiske4f@deliciousdays.com;25;30;7 Almo Trail;Cereza;60
29/01/2021;Mauv;Quimba;lkick4g@wufoo.com;47;523;43261 Anzinger Court;Pomelo;84
17/01/2022;Goldenrod;Tagfeed;cbiggadyke4h@mashable.com;55;954;12 Glendale Way;Limon;12
14/10/2020;Turquoise;Thoughtworks;abraizier4i@ucla.edu;2;727;2434 Anthes Junction; Manzana;35
11/12/2021;Orange;Tekfly;gbeaument4j@hexun.com;32;179;64026 Anzinger Circle; Banana;10
30/10/2021;Khaki;Edgetag;fneesham4k@weibo.com;66;797;941 Tomscot Junction; Pera;25
22/02/2022;Blue;Kwilith;abyng4l@geocities.com;91;506;527 Morningstar Drive; Sandia;51
17/04/2021;Yellow;Photolist;pfanthom4m@theglobeandmail.com;33;260;4484 Weeping Birch Center;Espinaca;5
27/05/2021;Blue;Bluezoom;rpoppy4n@fda.gov;39;995;20777 Blaine Trail;Acelga;7
20/05/2021;Khaki;Buzzbean;cbarbrick4o@uiuc.edu;80;528;97 Melody Point;Cereza;60
26/09/2021;Pink;Skinix;aswire4p@businessinsider.com;18;348;52416 Brickson Park Point;Pomelo;84
23/01/2021;Fuscia;Pixonyx;kmacgowan4q@bluehost.com;84;445;0780 Pawling Street;Limon;12
11/01/2022;Crimson;Realbuzz;bberdale4r@usgs.gov;79;804;82 Magdeline Pass; Manzana;35
18/12/2020;Red;Fadeo;ggambie4s@drupal.org;4;428;0 Gina Street; Banana;10
17/11/2021;Puce;Riffpath;frenon4t@mapy.cz;38;245;9 Huxley Way; Pera;25
23/03/2022;Pink;Jabberstorm;dcolledge4u@google.co.jp;60;373;93 Schmedeman Drive; Sandia;51
09/11/2020;Maroon;Yozio;drashleigh4v@webnode.com;40;624;4830 Laurel Alley;Espinaca;5
17/03/2021;Fuscia;Realblab;apeinton4w@dagondesign.com;6;209;58428 Mallard Place;Acelga;7
14/08/2021;Violet;Fatz;hciani4x@ftc.gov;74;339;12955 Schurz Terrace;Cereza;60
05/05/2021;Red;Yakitri;ppengelly4y@jugem.jp;85;440;1750 Toban Crossing;Pomelo;84
22/01/2022;Purple;Zoonoodle;kvaneeden4z@cnbc.com;83;803;400 Bayside Place;Limon;12
15/12/2020;Aquamarine;Zoomcast;methelstone50@foxnews.com;98;213;1 Anhalt Junction; Manzana;35
05/01/2021;Purple;Yadel;nkrimmer51@elpais.com;65;452;18 Caliangt Pass; Banana;10
28/03/2021;Purple;Feedbug;kdreakin52@archive.org;38;957;18005 Mesta Place; Pera;25
03/02/2021;Indigo;Twimbo;ktwinterman53@amazon.co.uk;89;113;830 Helena Place; Sandia;51
10/05/2021;Goldenrod;Jaloo;cmorby54@state.gov;55;687;653 Tennyson Alley;Espinaca;5
05/06/2021;Yellow;Rhybox;akrahl55@adobe.com;26;83;6903 Crownhardt Lane;Acelga;7
15/12/2021;Maroon;Wikizz;afanthom56@nasa.gov;60;821;1 Stang Place;Cereza;60
12/09/2021;Khaki;Flashdog;cnelthropp57@1688.com;25;112;1 Schurz Point;Pomelo;84
09/12/2020;Red;Yotz;lgoghin58@tmall.com;14;121;3251 Victoria Court;Limon;12
25/10/2020;Indigo;Voolia;abraden59@alibaba.com;72;911;57277 Kings Way; Manzana;35
14/11/2021;Turquoise;Reallinks;ebowdery5a@mail.ru;75;353;64 Gateway Court; Banana;10
16/09/2021;Green;Roomm;cclements5b@purevolume.com;37;200;891 Bultman Alley; Pera;25
06/07/2021;Red;Trilia;slatehouse5c@skyrock.com;50;980;8 Declaration Way; Sandia;51
01/09/2021;Yellow;Browseblab;adanforth5d@storify.com;30;417;8 Luster Court;Espinaca;5
29/09/2021;Orange;Fivebridge;bamsden5e@washingtonpost.com;68;779;677 Daystar Point;Acelga;7
15/05/2021;Aquamarine;Buzzster;gmerwede5f@oracle.com;28;670;0 Nova Crossing;Cereza;60
04/03/2021;Goldenrod;Feedfire;lshovelin5g@wikipedia.org;14;525;020 Randy Park;Pomelo;84
14/11/2020;Maroon;Linklinks;lpietruszewicz5h@pbs.org;82;496;7 Waubesa Lane;Limon;12
03/10/2020;Aquamarine;Oodoo;cbemlott5i@nyu.edu;93;71;435 Jenna Center; Manzana;35
30/08/2021;Khaki;Cogibox;dburford5j@indiatimes.com;46;781;13899 Armistice Street; Banana;10
23/11/2021;Orange;Thoughtbeat;ijoberne5k@theatlantic.com;5;780;582 Anhalt Point; Pera;25
19/01/2021;Indigo;Yabox;otomkins5l@vkontakte.ru;2;538;3 School Trail; Sandia;51
19/01/2021;Violet;LiveZ;caddis5m@bbc.co.uk;7;419;6 Anzinger Lane;Espinaca;5
11/05/2021;Green;Wordpedia;hseville5n@pbs.org;48;468;2 Union Crossing;Acelga;7
18/06/2021;Violet;Feedmix;mstainer5o@mayoclinic.com;37;38;9 Summit Drive;Cereza;60
24/10/2020;Indigo;Feedbug;flemary5p@jimdo.com;32;831;4909 Lillian Lane;Pomelo;84
20/02/2021;Teal;Skipfire;tshenley5q@cbsnews.com;58;721;45 Raven Avenue;Limon;12
26/06/2021;Orange;Gigabox;kmargach5r@webeden.co.uk;12;251;471 Eagle Crest Street; Manzana;35
29/01/2021;Yellow;Gabcube;smighele5s@google.ca;42;842;60 Briar Crest Alley; Banana;10
02/11/2020;Mauv;Thoughtstorm;bsemken5t@sourceforge.net;79;363;54 Pankratz Crossing; Pera;25
28/11/2020;Maroon;JumpXS;fghilardi5u@answers.com;14;624;932 Manufacturers Crossing; Sandia;51
06/06/2021;Teal;Voomm;gmafham5v@cbslocal.com;97;323;1 Meadow Valley Parkway;Espinaca;5
20/02/2022;Blue;Photobug;hpashen5w@oaic.gov.au;27;497;6 Goodland Circle;Acelga;7
30/03/2021;Crimson;Voonyx;vpaulin5x@amazonaws.com;78;885;16 Graedel Crossing;Cereza;60
02/08/2021;Aquamarine;Mynte;rorrin5y@naver.com;68;75;29313 Kinsman Place;Pomelo;84
08/11/2020;Yellow;Voolith;bnoddle5z@telegraph.co.uk;20;284;650 Forest Dale Park;Limon;12
06/11/2021;Blue;Oozz;ngundrey60@csmonitor.com;24;944;27 Village Way; Manzana;35
30/11/2021;Orange;Zoomdog;zbruun61@irs.gov;65;7;71 Stephen Hill; Banana;10
15/08/2021;Orange;Meedoo;qebbens62@stanford.edu;74;718;63 Buena Vista Center; Pera;25
06/06/2021;Maroon;Tagpad;labelov63@columbia.edu;8;872;0720 Buhler Alley; Sandia;51
17/01/2022;Khaki;Vinder;jalkin64@g.co;92;742;72780 Gateway Parkway;Espinaca;5
27/01/2021;Mauv;Thoughtblab;grosle65@gnu.org;22;491;41965 Eliot Road;Acelga;7
13/09/2021;Mauv;Mybuzz;ctimson66@answers.com;95;925;86 Sloan Lane;Cereza;60
06/09/2021;Red;Viva;teyckel67@github.io;21;347;7609 Green Ridge Center;Pomelo;84
29/11/2020;Purple;Skippad;kdefreitas68@simplemachines.org;49;412;43 Brickson Park Way;Limon;12
26/02/2022;Puce;Miboo;msalzberger69@51.la;90;704;44 Logan Park; Manzana;35
03/06/2021;Red;Gigabox;wdentith6a@indiatimes.com;40;602;14154 Warner Terrace; Banana;10
13/10/2020;Puce;Flashpoint;sgooding6b@bandcamp.com;74;216;5642 High Crossing Road; Pera;25
12/06/2021;Maroon;Devpoint;acuttings6c@google.fr;28;456;196 Jenna Trail; Sandia;51
06/11/2021;Pink;Shufflebeat;cshower6d@bloglovin.com;1;253;4339 Summer Ridge Junction;Espinaca;5
28/02/2021;Fuscia;Omba;adennes6e@ezinearticles.com;45;260;6 Nelson Center;Acelga;7
08/09/2021;Pink;Oloo;yspenclay6f@archive.org;98;882;92751 Nobel Street;Cereza;60
05/03/2022;Green;Vidoo;tgurery6g@nydailynews.com;55;370;704 Killdeer Center;Pomelo;84
21/01/2022;Maroon;Tekfly;mwassell6h@washington.edu;21;543;55823 Sutherland Plaza;Limon;12
23/05/2021;Turquoise;Fanoodle;htheodore6i@reuters.com;53;217;9 Dryden Junction; Manzana;35
10/05/2021;Blue;Blogspan;ssteptow6j@pagesperso-orange.fr;16;381;7416 Hudson Crossing; Banana;10
31/12/2020;Pink;Jaxbean;nchidley6k@google.co.jp;9;10;83810 Summerview Place; Pera;25
23/04/2021;Turquoise;Jabberbean;thauxley6l@i2i.jp;27;867;8 Fairview Alley; Sandia;51
20/12/2020;Maroon;Innotype;khalksworth6m@house.gov;11;27;841 Butternut Circle;Espinaca;5
18/03/2021;Mauv;Meemm;bthorndale6n@msn.com;81;229;1272 Fieldstone Alley;Acelga;7
23/11/2021;Pink;Kwinu;rgullan6o@creativecommons.org;35;622;289 International Court;Cereza;60
06/12/2021;Crimson;Blogpad;cjansie6p@blogs.com;97;758;997 Miller Lane;Pomelo;84
16/07/2021;Aquamarine;Vitz;sstryde6q@google.it;37;857;3976 3rd Pass;Limon;12
04/03/2022;Green;Feedfish;aaldie6r@cbc.ca;20;631;33 Lake View Lane; Manzana;35
20/03/2021;Mauv;Browsebug;acusted6s@unc.edu;86;723;046 Buhler Parkway; Banana;10
06/10/2021;Mauv;Camido;aponten6t@noaa.gov;80;159;5446 Schlimgen Crossing; Pera;25
13/04/2021;Turquoise;Devbug;dpetherick6u@friendfeed.com;16;257;8084 Glacier Hill Way; Sandia;51
05/01/2021;Red;InnoZ;elogsdail6v@tuttocitta.it;92;662;25 Commercial Lane;Espinaca;5
19/10/2020;Crimson;Vipe;jferandez6w@vkontakte.ru;94;379;8 Basil Place;Acelga;7
21/02/2021;Violet;Quire;emcgerraghty6x@mapquest.com;25;118;46001 Bartillon Point;Cereza;60
04/08/2021;Pink;Gabcube;wmcgrady6y@intel.com;13;899;21055 Dunning Crossing;Pomelo;84
12/11/2021;Yellow;BlogXS;rpoulston6z@paginegialle.it;58;529;40 Michigan Crossing;Limon;12
02/03/2021;Blue;Topdrive;scolleran70@ted.com;51;411;8321 Sachs Way; Manzana;35
04/05/2021;Indigo;Wordtune;tjewkes71@si.edu;72;856;790 Tony Lane; Banana;10
04/02/2022;Yellow;Kwinu;mlatchford72@engadget.com;41;956;69208 Moland Court; Pera;25
22/11/2021;Goldenrod;LiveZ;lgreenier73@facebook.com;5;945;003 Menomonie Lane; Sandia;51
05/07/2021;Violet;Gabtype;bgraver74@tinypic.com;62;795;23 Roth Road;Espinaca;5
05/05/2021;Green;Katz;dtellenbach75@wordpress.com;19;111;338 Buhler Hill;Acelga;7
29/12/2020;Violet;Skinder;olawful76@squidoo.com;89;853;34 Dovetail Hill;Cereza;60
25/03/2022;Purple;Yamia;ahabbijam77@arstechnica.com;71;350;4344 Longview Trail;Pomelo;84
13/08/2021;Turquoise;Janyx;gclail78@oracle.com;41;812;41 Merrick Alley;Limon;12
23/03/2021;Mauv;Wordware;mleney79@chicagotribune.com;31;343;2 Miller Street; Manzana;35
22/11/2020;Maroon;Skivee;ccortin7a@nymag.com;29;847;2 Darwin Circle; Banana;10
13/01/2022;Goldenrod;Tazzy;dcardiff7b@yolasite.com;1;127;5977 Jackson Court; Pera;25
09/05/2021;Orange;Rhyzio;ddewilde7c@ow.ly;72;400;1 Ridgeview Court; Sandia;51
31/08/2021;Blue;Photobean;halam7d@twitpic.com;62;357;01570 Vidon Plaza;Espinaca;5
09/07/2021;Puce;Skivee;agould7e@google.com;65;54;607 Redwing Road;Acelga;7
30/09/2020;Crimson;Mymm;tpoll7f@princeton.edu;82;641;95 Butternut Circle;Cereza;60
17/03/2022;Purple;Oyonder;cgreeson7g@ifeng.com;56;710;19347 Oak Road;Pomelo;84
24/08/2021;Goldenrod;Twimbo;lbeaze7h@samsung.com;15;304;45 Fisk Circle;Limon;12
25/05/2021;Purple;Feednation;cmcglew7i@businessinsider.com;16;79;333 Sunbrook Terrace; Manzana;35
01/07/2021;Blue;Babblestorm;ddormand7j@apache.org;32;736;2 Crescent Oaks Avenue; Banana;10
18/08/2021;Pink;Blogpad;cberrie7k@npr.org;43;175;49784 Sunfield Way; Pera;25
17/06/2021;Turquoise;BlogXS;olakenton7l@linkedin.com;27;671;998 Charing Cross Avenue; Sandia;51
31/03/2021;Fuscia;Browsecat;aboutflour7m@nifty.com;98;245;6473 Portage Alley;Espinaca;5
18/01/2022;Goldenrod;Fivebridge;jtant7n@columbia.edu;51;392;73 Warbler Circle;Acelga;7
12/10/2021;Violet;Vinder;apatise7o@slashdot.org;68;617;61476 Nova Hill;Cereza;60
11/01/2022;Yellow;Eazzy;ofaithfull7p@clickbank.net;99;273;1786 Gina Drive;Pomelo;84
06/01/2022;Maroon;Tagopia;jboddam7q@myspace.com;61;502;90652 Susan Court;Limon;12
04/06/2021;Aquamarine;Skinix;lwillerton7r@dailymail.co.uk;73;955;54 Weeping Birch Court; Manzana;35
03/08/2021;Yellow;Cogibox;dcalken7s@chron.com;37;904;9 Blaine Road; Banana;10
03/09/2021;Fuscia;Jetwire;ttulip7t@independent.co.uk;78;156;352 Eastwood Center; Pera;25
20/03/2022;Mauv;Topdrive;hfindlater7u@domainmarket.com;90;708;87975 Grover Pass; Sandia;51
31/08/2021;Blue;Kaymbo;aaizikovich7v@dion.ne.jp;71;985;74846 Anderson Trail;Espinaca;5
11/12/2021;Green;Flashspan;dauchinleck7w@foxnews.com;48;639;98 Center Crossing;Acelga;7
08/11/2020;Puce;Yodel;mrattery7x@nbcnews.com;17;1;69784 Garrison Hill;Cereza;60
26/09/2021;Turquoise;Gigabox;gtire7y@yahoo.co.jp;19;588;5029 Arrowood Avenue;Pomelo;84
05/11/2021;Maroon;Demimbu;bswadlen7z@dailymotion.com;36;228;71 Fisk Trail;Limon;12
05/11/2021;Goldenrod;Bubblebox;sstiffell80@bandcamp.com;42;708;079 Fieldstone Plaza; Manzana;35
27/11/2021;Blue;Bubblemix;ggamil81@umn.edu;8;895;1 Hooker Place; Banana;10
08/02/2022;Mauv;Avamba;smcvie82@mtv.com;66;845;39687 Maryland Way; Pera;25
30/06/2021;Blue;Zoomlounge;wceliz83@reverbnation.com;38;28;328 Bay Circle; Sandia;51
18/06/2021;Yellow;Riffpath;admiterko84@abc.net.au;52;315;9 Surrey Crossing;Espinaca;5
08/09/2021;Blue;Dynava;btomenson85@utexas.edu;3;864;30 Eliot Place;Acelga;7
06/03/2021;Khaki;Jayo;tsyversen86@addtoany.com;62;331;2210 Raven Junction;Cereza;60
16/10/2021;Yellow;Fliptune;jbynert87@harvard.edu;43;645;1 Transport Point;Pomelo;84
09/01/2022;Crimson;Skippad;lheggison88@msn.com;92;347;8124 Ramsey Road;Limon;12
01/08/2021;Aquamarine;Jayo;thaynes89@tiny.cc;13;21;023 Eagle Crest Avenue; Manzana;35
08/01/2022;Crimson;Voonyx;rbarnaby8a@xing.com;16;112;95784 Fairfield Pass; Banana;10
05/05/2021;Pink;Kanoodle;gballing8b@weather.com;86;620;614 Pepper Wood Point; Pera;25
28/11/2020;Yellow;Twimbo;ehubbucke8c@harvard.edu;68;527;0671 Bowman Point; Sandia;51
17/01/2021;Aquamarine;Skiba;rsandison8d@eepurl.com;5;61;91 Towne Park;Espinaca;5
25/06/2021;Indigo;Janyx;klemme8e@google.com.hk;44;893;60624 Reindahl Trail;Acelga;7
28/01/2021;Turquoise;Meezzy;lcrickmoor8f@ftc.gov;14;934;930 Bartillon Way;Cereza;60
19/10/2021;Puce;Browsedrive;kleyband8g@homestead.com;98;832;70446 Ilene Avenue;Pomelo;84
09/03/2022;Violet;Brainbox;kinett8h@google.it;14;563;55 Darwin Court;Limon;12
12/04/2021;Indigo;Kanoodle;ofairbourn8i@sphinn.com;90;758;576 Portage Park; Manzana;35
23/04/2021;Red;Skiba;bbeeswing8j@example.com;19;763;46 Sunnyside Junction; Banana;10
18/08/2021;Blue;Blogtags;mreen8k@yale.edu;16;903;799 Pearson Road; Pera;25
14/01/2022;Yellow;Skyvu;bnudd8l@ask.com;56;316;5 Pierstorff Way; Sandia;51
30/09/2020;Mauv;Yakitri;plamden8m@un.org;86;609;105 Pennsylvania Place;Espinaca;5
17/04/2021;Orange;Voomm;abrickdale8n@privacy.gov.au;36;727;134 Prairie Rose Plaza;Acelga;7
16/05/2021;Blue;Mydeo;bpettengell8o@bbb.org;34;789;973 Springview Place;Cereza;60
07/07/2021;Puce;DabZ;sshale8p@e-recht24.de;30;787;57 Bultman Junction;Pomelo;84
23/10/2021;Mauv;Reallinks;bwitty8q@howstuffworks.com;13;508;1 West Crossing;Limon;12
12/11/2020;Goldenrod;Linkbuzz;rsauvain8r@merriam-webster.com;96;779;06 Monterey Drive; Manzana;35
22/05/2021;Red;Shuffledrive;cmcphillimey8s@clickbank.net;49;402;91 Utah Alley; Banana;10
29/04/2021;Teal;Muxo;wverden8t@irs.gov;17;946;5 Merry Place; Pera;25
27/12/2021;Pink;Zoomdog;protlauf8u@webeden.co.uk;18;532;9 Kingsford Plaza; Sandia;51
15/11/2021;Aquamarine;Pixope;ycoode8v@desdev.cn;17;53;9 Acker Drive;Espinaca;5
26/02/2021;Turquoise;Ooba;jliversley8w@linkedin.com;11;882;5 High Crossing Drive;Acelga;7
20/12/2021;Blue;Bubblebox;bafonso8x@mlb.com;42;352;78662 Atwood Lane;Cereza;60
31/12/2020;Yellow;Oloo;nraraty8y@addtoany.com;44;511;32315 Corben Court;Pomelo;84
01/06/2021;Blue;Babbleset;gbyrkmyr8z@yahoo.com;76;186;4676 Kensington Plaza;Limon;12
26/02/2022;Khaki;Wordpedia;hjarville90@soup.io;69;51;19112 Eliot Circle; Manzana;35
18/12/2021;Mauv;Brainlounge;fgitting91@flavors.me;85;224;047 Eliot Center; Banana;10
29/10/2020;Violet;Dynabox;gyegorchenkov92@about.com;78;647;53 Myrtle Avenue; Pera;25
11/09/2021;Orange;Jabbertype;estrahan93@shareasale.com;22;682;9 Sugar Place; Sandia;51
04/01/2021;Yellow;Edgeify;slyffe94@skype.com;83;403;4 Loomis Avenue;Espinaca;5
08/04/2021;Purple;Fivebridge;cpendall95@photobucket.com;72;57;2 Grim Junction;Acelga;7
10/08/2021;Fuscia;InnoZ;spervew96@comcast.net;3;157;634 Anniversary Alley;Cereza;60
01/01/2022;Orange;Browsebug;cfitzpayn97@hao123.com;30;153;848 Claremont Way;Pomelo;84
05/02/2021;Purple;Eadel;ccurwood98@studiopress.com;65;823;727 Manley Parkway;Limon;12
24/12/2020;Goldenrod;Feedfish;amarczyk99@instagram.com;52;999;24 Ronald Regan Crossing; Manzana;35
30/12/2020;Orange;Babbleblab;htwinborough9a@baidu.com;48;147;3166 Summit Center; Banana;10
17/11/2020;Orange;Avamm;bmaingot9b@unc.edu;100;360;57308 Manley Street; Pera;25
09/07/2021;Puce;Chatterpoint;laberkirdo9c@scribd.com;88;678;290 Portage Terrace; Sandia;51
15/06/2021;Puce;Linklinks;usalla9d@cam.ac.uk;11;367;033 Westport Road;Espinaca;5
14/08/2021;Indigo;Avamba;abannell9e@flickr.com;23;25;49 Kedzie Junction;Acelga;7
02/12/2021;Violet;Tekfly;ccaldecourt9f@photobucket.com;77;1000;8 Forest Parkway;Cereza;60
22/12/2020;Green;Youopia;icunney9g@google.de;3;431;01 Haas Drive;Pomelo;84
30/05/2021;Mauv;Wikivu;tsauvage9h@1und1.de;15;48;7 Kennedy Center;Limon;12
14/12/2021;Blue;Gabtune;fbillyard9i@oracle.com;80;331;3 Aberg Park; Manzana;35
30/11/2021;Green;Jaxbean;wsyversen9j@angelfire.com;94;75;38999 Sunfield Plaza; Banana;10
06/11/2021;Khaki;Gigazoom;bmacfadzan9k@psu.edu;43;218;1 Lunder Crossing; Pera;25
03/11/2020;Aquamarine;Midel;nbatha9l@jiathis.com;32;688;2286 Buena Vista Plaza; Sandia;51
26/05/2021;Turquoise;Abata;mgough9m@bizjournals.com;76;105;92 Prentice Road;Espinaca;5
28/01/2021;Violet;Devbug;rlieb9n@t-online.de;67;245;0 Vahlen Way;Acelga;7
16/02/2022;Indigo;Rooxo;alansberry9o@soundcloud.com;46;96;38 Rockefeller Drive;Cereza;60
11/07/2021;Teal;Kwilith;rgodthaab9p@blogger.com;54;663;5187 Kingsford Plaza;Pomelo;84
04/08/2021;Fuscia;Voonyx;imichiel9q@liveinternet.ru;22;820;896 Heffernan Crossing;Limon;12
10/11/2020;Red;Shuffledrive;chansie9r@addtoany.com;44;994;060 Holmberg Terrace; Manzana;35
28/02/2022;Green;Vinte;ecerie9s@usnews.com;3;361;6 Shelley Street; Banana;10
25/09/2021;Mauv;Rhycero;sbutchers9t@cargocollective.com;68;854;76963 Dryden Trail; Pera;25
06/11/2020;Maroon;Vinte;afellon9u@telegraph.co.uk;25;309;2 Crownhardt Point; Sandia;51
12/10/2020;Purple;Trudoo;cbeckles9v@jalbum.net;12;609;22 4th Road;Espinaca;5
31/12/2021;Red;Jabbersphere;tdyhouse9w@walmart.com;27;732;7 Dennis Parkway;Acelga;7
10/11/2021;Mauv;Meedoo;mpetroulis9x@google.ru;37;876;80275 Vera Road;Cereza;60
22/01/2021;Violet;JumpXS;dfavelle9y@yolasite.com;35;609;2 Maple Wood Junction;Pomelo;84
17/11/2021;Indigo;Tagopia;lmathwin9z@nationalgeographic.com;99;697;9747 Green Place;Limon;12
05/09/2021;Turquoise;Aibox;elinklatera0@ox.ac.uk;56;74;6301 Novick Center; Manzana;35
28/03/2021;Purple;Flipopia;lquilkina1@imageshack.us;78;98;5308 Service Lane; Banana;10
16/11/2021;Yellow;Thoughtblab;lchidleya2@globo.com;17;703;68780 Arizona Point; Pera;25
09/01/2022;Fuscia;Janyx;athoumasa3@simplemachines.org;11;344;646 Nova Street; Sandia;51
13/02/2022;Pink;Feedmix;ctathera4@slate.com;46;701;83242 Maple Avenue;Espinaca;5
21/04/2021;Yellow;Edgeclub;mcasaria5@boston.com;39;784;258 Gateway Crossing;Acelga;7
20/08/2021;Aquamarine;Brainverse;rfrilla6@yellowbook.com;93;580;04 Shasta Trail;Cereza;60
10/02/2022;Crimson;Dynabox;mmoxteda7@goo.ne.jp;85;53;9 Schmedeman Place;Pomelo;84
16/02/2022;Pink;Yotz;jdilowaya8@whitehouse.gov;47;598;51 Miller Terrace;Limon;12
12/05/2021;Indigo;Zoombox;pitzaksona9@google.com;67;50;764 Bayside Road; Manzana;35
30/03/2021;Crimson;Oyoba;kcorbettaa@ocn.ne.jp;64;442;03108 Barby Junction; Banana;10
24/12/2020;Indigo;Flashpoint;lemlenab@addthis.com;12;75;026 Elka Center; Pera;25
27/01/2022;Maroon;Voomm;lcorleyac@g.co;31;342;98889 Kim Street; Sandia;51
01/10/2021;Red;Meezzy;tgillbeead@yandex.ru;6;209;82 American Ash Hill;Espinaca;5
13/11/2020;Green;Twitterbeat;dswatmanae@github.com;70;771;47 Sheridan Terrace;Acelga;7
08/05/2021;Orange;Topicstorm;emcasteraf@ibm.com;50;848;68730 Dexter Circle;Cereza;60
03/05/2021;Purple;Skibox;sbramallag@redcross.org;13;578;829 Hoard Pass;Pomelo;84
30/06/2021;Fuscia;Demimbu;hrainbirdah@japanpost.jp;37;855;45048 Ludington Drive;Limon;12
01/02/2022;Turquoise;Skipstorm;nedgeai@qq.com;4;811;69468 Warbler Pass; Manzana;35
29/08/2021;Green;Brainlounge;mbilyardaj@sciencedirect.com;63;572;0464 Donald Way; Banana;10
11/03/2021;Khaki;Vitz;eshelmerdineak@github.io;10;187;8 Cordelia Alley; Pera;25
07/12/2020;Blue;Zoomzone;ncajkleral@ftc.gov;50;570;98 Riverside Way; Sandia;51
23/01/2022;Puce;Feedmix;elaffoleylaneam@flickr.com;18;433;4893 Anthes Parkway;Espinaca;5
03/04/2021;Pink;Realbuzz;odibbinan@wordpress.com;8;721;57295 Forster Road;Acelga;7
05/03/2021;Mauv;Meeveo;igammonao@mozilla.com;17;486;256 Sachs Circle;Cereza;60
25/06/2021;Violet;Oyoyo;pkyffinap@nature.com;79;346;50 Bluestem Court;Pomelo;84
16/04/2021;Turquoise;Dabtype;fvannucciniaq@is.gd;47;341;00077 Starling Drive;Limon;12
24/01/2021;Crimson;Avaveo;rbrodeurar@princeton.edu;95;146;145 Roth Alley; Manzana;35
18/01/2022;Turquoise;Voonder;aciciottias@t-online.de;68;938;90697 Anderson Way; Banana;10
02/02/2021;Violet;Quinu;fzmitrovichat@sohu.com;9;744;2696 Grover Way; Pera;25
15/12/2021;Yellow;Blognation;njumeauau@elegantthemes.com;93;473;35 Sycamore Lane; Sandia;51
04/11/2021;Khaki;Jabbercube;ctoppingav@reference.com;77;688;59 Burrows Road;Espinaca;5
09/12/2021;Purple;Quire;egooderridgeaw@telegraph.co.uk;94;252;06 Green Center;Acelga;7
30/03/2021;Red;Oozz;dbassilashviliax@bravesites.com;95;812;1 Bunker Hill Hill;Cereza;60
21/10/2020;Indigo;Twitternation;gwarboyay@dot.gov;42;41;05058 Commercial Center;Pomelo;84
12/04/2021;Crimson;Oyondu;dkupiszaz@bloglovin.com;25;994;87026 Delaware Alley;Limon;12
29/06/2021;Aquamarine;Avavee;sjouanetb0@senate.gov;78;144;4 Old Shore Center; Manzana;35
29/09/2020;Purple;Tagtune;smishowb1@rediff.com;79;298;4 Cordelia Park; Banana;10
26/11/2021;Purple;Oyoba;jcailloub2@state.tx.us;13;693;8 Bunker Hill Terrace; Pera;25
27/10/2021;Crimson;Trunyx;ilicenceb3@opera.com;95;829;2619 Green Court; Sandia;51
21/10/2020;Blue;Mynte;selcombb4@ucoz.ru;100;467;40 Sachs Trail;Espinaca;5
08/10/2021;Orange;Mydo;jdempsterb5@ucoz.ru;54;599;4232 Scofield Circle;Acelga;7
17/01/2021;Khaki;Flipstorm;mcocherb6@ebay.co.uk;12;565;7066 Fairview Plaza;Cereza;60
04/11/2021;Crimson;Linkbuzz;kdrooganb7@eepurl.com;66;671;5 Elmside Pass;Pomelo;84
15/09/2021;Violet;Jaloo;lbarwisb8@umich.edu;98;526;6912 Cardinal Trail;Limon;12
16/11/2020;Yellow;Voomm;cjoisceb9@theguardian.com;72;837;73297 Eggendart Circle; Manzana;35
03/03/2022;Teal;Flipbug;lfriedmanba@reference.com;61;129;10 Everett Circle; Banana;10
19/03/2021;Green;Mydeo;sewencebb@adobe.com;22;585;108 Norway Maple Street; Pera;25
04/11/2021;Crimson;Realcube;aholtbc@umich.edu;3;319;918 Service Court; Sandia;51
20/02/2022;Teal;Katz;rmielnikbd@europa.eu;83;331;3 Maryland Street;Espinaca;5
04/08/2021;Blue;Wordify;pitzhaiekbe@deliciousdays.com;62;191;9 Merchant Terrace;Acelga;7
17/08/2021;Crimson;Brainbox;kdowneybf@gnu.org;63;577;7208 Fieldstone Place;Cereza;60
22/01/2022;Fuscia;Oozz;cfigurskibg@constantcontact.com;38;738;69674 4th Plaza;Pomelo;84
13/11/2020;Red;Topicware;skulasbh@uiuc.edu;27;88;0 Hermina Drive;Limon;12
04/04/2021;Crimson;Avaveo;aservantbi@jugem.jp;26;890;36 Corben Street; Manzana;35
30/03/2022;Goldenrod;Skyndu;rcansdalebj@nhs.uk;57;425;947 Comanche Hill; Banana;10
07/03/2022;Mauv;Dablist;sfransemaibk@auda.org.au;74;155;5 Melby Center; Pera;25
06/09/2021;Teal;Twitterworks;igovernbl@xrea.com;49;21;3 Boyd Junction; Sandia;51
28/05/2021;Fuscia;Dynazzy;nblaaschbm@patch.com;38;191;20331 Drewry Avenue;Espinaca;5
19/12/2021;Mauv;Jamia;sjosipovitzbn@squarespace.com;23;190;43833 Hermina Junction;Acelga;7
15/01/2022;Crimson;Oba;mcamachobo@bloomberg.com;76;240;84272 Heffernan Parkway;Cereza;60
08/02/2022;Purple;Omba;dhillbp@usa.gov;56;28;370 Erie Lane;Pomelo;84
03/01/2021;Orange;Centimia;cdelloydbq@networkadvertising.org;60;700;1551 Tennessee Road;Limon;12
22/10/2020;Fuscia;Skinix;ldallicottbr@oaic.gov.au;73;244;9 Ilene Hill; Manzana;35
28/06/2021;Teal;Oloo;ksmailbs@upenn.edu;20;567;918 Everett Way; Banana;10
05/03/2022;Crimson;LiveZ;ahogginbt@webnode.com;87;187;7 Dapin Park; Pera;25
18/09/2021;Indigo;Tagchat;cmcvickerbu@apache.org;47;811;4 Macpherson Place; Sandia;51
14/10/2021;Turquoise;Babbleopia;thealdbv@boston.com;29;954;3 Bowman Center;Espinaca;5
08/12/2020;Maroon;Divanoodle;dbrandrickbw@washingtonpost.com;49;882;5536 Jenifer Pass;Acelga;7
05/01/2022;Maroon;Jazzy;cemmersonbx@illinois.edu;41;249;85951 Sunfield Center;Cereza;60
23/06/2021;Violet;Wikido;gkanwellby@irs.gov;25;298;98 Clove Trail;Pomelo;84
04/08/2021;Yellow;Browsedrive;lrisebarerbz@princeton.edu;15;78;92360 Gulseth Court;Limon;12
03/10/2020;Indigo;Skipfire;dmeiningenc0@chicagotribune.com;30;81;56558 Graedel Street; Manzana;35
14/01/2022;Pink;Yodo;clownesc1@amazon.de;46;525;7961 Pawling Plaza; Banana;10
06/01/2021;Maroon;Skimia;ckrystofc2@cafepress.com;83;330;4756 Sheridan Terrace; Pera;25
19/06/2021;Indigo;Trudoo;dmackeanc3@fastcompany.com;64;578;59 Daystar Park; Sandia;51
20/06/2021;Goldenrod;Yakidoo;mdinckec4@dot.gov;18;341;6 Gerald Park;Espinaca;5
24/02/2021;Mauv;Wordify;byezafovichc5@blogs.com;38;2;533 Knutson Parkway;Acelga;7
25/10/2021;Yellow;Jabberbean;oskeenec6@google.pl;43;104;7763 Knutson Terrace;Cereza;60
14/08/2021;Mauv;Centidel;mpostinsc7@answers.com;14;970;88105 Lerdahl Crossing;Pomelo;84
12/08/2021;Violet;Realblab;rleinthallc8@skype.com;22;90;52 Hooker Alley;Limon;12
28/07/2021;Blue;Zoomcast;masletc9@tinypic.com;100;580;31 Oak Terrace; Manzana;35
16/12/2020;Orange;Zoonoodle;hfidianca@stumbleupon.com;37;527;1 Forest Junction; Banana;10
29/10/2021;Aquamarine;Zooveo;gmathieucb@state.tx.us;48;65;1 Forest Junction; Pera;25
26/03/2022;Puce;Gigabox;jredmilecc@answers.com;65;332;374 Butternut Lane; Sandia;51
24/08/2021;Blue;Eimbee;hlunocd@gravatar.com;57;254;96 Heffernan Hill;Espinaca;5
30/03/2022;Red;Jabbercube;bquirkece@jimdo.com;37;432;1269 Cascade Court;Acelga;7
03/10/2020;Maroon;Twimm;jsarrecf@usnews.com;35;810;2 Rowland Street;Cereza;60
18/12/2020;Blue;Voonte;glundcg@zimbio.com;39;368;4103 Meadow Ridge Hill;Pomelo;84
04/10/2020;Indigo;Edgewire;vpudseych@statcounter.com;73;628;0960 Nelson Street;Limon;12
21/02/2022;Khaki;Pixope;eandriolettici@nbcnews.com;54;453;1 Algoma Pass; Manzana;35
10/02/2022;Goldenrod;Eare;jgimbartcj@spiegel.de;95;686;7011 Ridgeway Point; Banana;10
01/06/2021;Violet;Flashset;bpawlatack@sitemeter.com;38;526;13 Loeprich Terrace; Pera;25
31/01/2022;Blue;Ozu;cstampcl@odnoklassniki.ru;5;279;73 Marcy Place; Sandia;51
03/03/2022;Goldenrod;Twiyo;cguerrycm@domainmarket.com;22;249;24 Porter Terrace;Espinaca;5
16/12/2021;Goldenrod;Topdrive;acordeycn@t.co;36;184;015 Straubel Trail;Acelga;7
29/01/2021;Teal;Camimbo;dchudleighco@taobao.com;12;41;1552 Cascade Trail;Cereza;60
15/11/2020;Yellow;Feedfish;hpollercp@omniture.com;69;967;9 Dexter Center;Pomelo;84
24/02/2021;Pink;Quatz;kcoilscq@studiopress.com;49;873;319 Hanson Alley;Limon;12
29/07/2021;Purple;Zava;sfinancr@etsy.com;87;615;7 Troy Court; Manzana;35
04/05/2021;Blue;Gabspot;lyedallcs@ezinearticles.com;15;992;5 Towne Trail; Banana;10
03/07/2021;Puce;Yodel;rbaylissct@ifeng.com;70;434;42072 Fairfield Plaza; Pera;25
29/08/2021;Green;Pixoboo;rleballcu@cloudflare.com;36;199;84842 Fulton Point; Sandia;51
20/08/2021;Teal;Skibox;kvaulkhardcv@biblegateway.com;39;305;3 Nevada Lane;Espinaca;5
09/01/2021;Purple;Eare;athebeaucw@free.fr;29;194;6060 Badeau Alley;Acelga;7
06/09/2021;Fuscia;Brainverse;jjubbcx@washingtonpost.com;23;32;85143 Towne Drive;Cereza;60
01/11/2021;Fuscia;Riffpath;mhumbycy@webeden.co.uk;42;16;26565 Mccormick Junction;Pomelo;84
28/09/2021;Green;Yoveo;sbagwellcz@discuz.net;93;940;24931 Coolidge Drive;Limon;12
10/01/2021;Pink;Zoomlounge;dlovejoyd0@163.com;71;853;3701 Larry Point; Manzana;35
27/02/2022;Green;Devshare;sesplind1@usda.gov;100;833;243 Burning Wood Crossing; Banana;10
22/12/2021;Maroon;Divape;tkyled2@shutterfly.com;26;890;051 Thompson Street; Pera;25
23/10/2020;Green;Youbridge;tkatted3@xinhuanet.com;24;866;2 Hanson Pass; Sandia;51
22/02/2021;Green;Trudoo;rtrenchd4@time.com;28;362;95789 Esker Circle;Espinaca;5
17/05/2021;Indigo;Yodo;sarentd5@goo.gl;86;15;62000 Rowland Way;Acelga;7
28/07/2021;Indigo;Thoughtbeat;jdonisid6@arstechnica.com;90;961;22343 New Castle Place;Cereza;60
11/12/2020;Indigo;Skinder;tkilmurryd7@surveymonkey.com;49;819;8 Canary Terrace;Pomelo;84
15/07/2021;Red;Jaloo;bpietersmad8@eventbrite.com;12;582;72924 Oakridge Parkway;Limon;12
02/02/2022;Pink;Yodel;tsnelmand9@wikimedia.org;27;858;29 Sheridan Road; Manzana;35
01/01/2022;Crimson;Zoovu;nelleswortheda@chicagotribune.com;41;674;091 Anderson Pass; Banana;10
22/03/2021;Khaki;Youtags;tfashamdb@cisco.com;29;327;9 West Terrace; Pera;25
09/11/2021;Goldenrod;Zoonoodle;rorpwooddc@youku.com;30;875;4768 Coleman Junction; Sandia;51
12/12/2021;Blue;Voonte;jridgwaydd@vinaora.com;87;903;570 Ridge Oak Alley;Espinaca;5
01/02/2021;Turquoise;Youbridge;dsantonde@howstuffworks.com;19;157;6543 Basil Plaza;Acelga;7
15/08/2021;Purple;Eare;pmullalydf@e-recht24.de;15;763;83 Arapahoe Point;Cereza;60
15/07/2021;Red;Pixoboo;afrosselldg@eventbrite.com;68;373;721 Caliangt Street;Pomelo;84
27/07/2021;Khaki;Yombu;mdunbletondh@wunderground.com;85;720;62602 Grayhawk Park;Limon;12
27/11/2020;Turquoise;Wordify;llempennydi@spiegel.de;92;78;06 Holmberg Parkway; Manzana;35
25/04/2021;Fuscia;Quatz;lboisedj@alexa.com;66;616;21 Dovetail Place; Banana;10
16/10/2020;Blue;Browseblab;lpabeldk@phoca.cz;1;242;413 Corben Alley; Pera;25
18/08/2021;Crimson;Agivu;candrichakdl@ucla.edu;23;987;64379 Acker Trail; Sandia;51
27/12/2020;Teal;Realbuzz;bmcdermotdm@admin.ch;94;986;2 Scofield Drive;Espinaca;5
12/10/2020;Khaki;Vitz;ecullondn@earthlink.net;6;110;2 Loomis Plaza;Acelga;7
13/08/2021;Khaki;Demimbu;mchildedo@ycombinator.com;2;794;591 Union Court;Cereza;60
09/10/2021;Orange;Skippad;jbatchelardp@blogtalkradio.com;8;718;10323 Petterle Junction;Pomelo;84
12/08/2021;Orange;Abatz;nvannikovdq@mysql.com;48;229;42173 Dryden Circle;Limon;12
20/07/2021;Turquoise;Demimbu;cbarrydr@tinypic.com;66;383;27 Monterey Terrace; Manzana;35
04/02/2021;Violet;Oba;mpaskellds@istockphoto.com;61;789;9 Eagle Crest Alley; Banana;10
12/07/2021;Yellow;Brainverse;cplayfootdt@bloomberg.com;65;181;9109 Donald Way; Pera;25
17/07/2021;Red;Realcube;dlookerdu@deliciousdays.com;68;932;12612 Nancy Terrace; Sandia;51
09/02/2021;Indigo;Bubblebox;rkulldv@scribd.com;74;924;00751 Fairfield Road;Espinaca;5
24/12/2021;Blue;Gigabox;beminsondw@netscape.com;42;141;52 Sauthoff Terrace;Acelga;7
23/03/2021;Turquoise;Realbuzz;cdaborndx@live.com;37;945;40 Service Terrace;Cereza;60
29/03/2021;Violet;Midel;gwinridgedy@quantcast.com;89;315;5689 Sycamore Circle;Pomelo;84
22/01/2022;Maroon;Jetwire;lfurtadodz@tumblr.com;87;934;70749 Prairie Rose Lane;Limon;12
21/03/2022;Mauv;Babblestorm;ndeambrosise0@reuters.com;19;306;28 Main Trail; Manzana;35
07/11/2021;Maroon;Feedbug;arichfielde1@wp.com;21;659;4663 Forest Dale Way; Banana;10
25/12/2020;Yellow;Dabfeed;dgundersone2@shinystat.com;15;646;68532 Lake View Street; Pera;25
23/05/2021;Maroon;Yakitri;ahawese3@npr.org;98;837;12457 Butterfield Alley; Sandia;51
08/12/2020;Crimson;Brightdog;krichleye4@abc.net.au;37;536;51 Hudson Park;Espinaca;5
22/09/2021;Violet;Youfeed;tphilippsohne5@youtube.com;95;876;04 Hoard Way;Acelga;7
07/10/2020;Pink;Viva;elancleye6@sogou.com;26;536;764 Northland Court;Cereza;60
27/11/2021;Turquoise;Gigashots;aduncansone7@nih.gov;8;488;86286 Autumn Leaf Alley;Pomelo;84
08/05/2021;Green;Zoomcast;cklimochkine8@cocolog-nifty.com;87;407;23 East Trail;Limon;12
21/07/2021;Aquamarine;Mymm;ghinnerse9@goodreads.com;92;87;44147 Northwestern Crossing; Manzana;35
18/07/2021;Indigo;Twitterbridge;omacintoshea@jigsy.com;35;370;39147 Dixon Trail; Banana;10
09/07/2021;Red;Tagpad;jbehningeb@cbslocal.com;36;965;462 Gina Junction; Pera;25
10/06/2021;Yellow;Quinu;sclaasenec@360.cn;32;188;73532 Jay Place; Sandia;51
25/07/2021;Blue;Gabvine;smonkleyed@china.com.cn;50;778;21 Northland Pass;Espinaca;5
14/10/2021;Crimson;Zazio;hbowringee@pen.io;75;941;52 Declaration Street;Acelga;7
23/02/2022;Blue;Realfire;tmatzef@scientificamerican.com;29;489;67271 Lukken Crossing;Cereza;60
15/07/2021;Blue;Yodo;panglisheg@godaddy.com;97;369;884 Algoma Avenue;Pomelo;84
25/02/2022;Goldenrod;Yotz;mdulanyeh@blogtalkradio.com;93;684;787 Kim Park;Limon;12
09/07/2021;Goldenrod;Trilia;vrollei@i2i.jp;23;42;7 Ramsey Crossing; Manzana;35
09/03/2021;Pink;Fanoodle;lbarsbyej@skyrock.com;27;337;9200 Northridge Pass; Banana;10
16/07/2021;Pink;Kwinu;dtorreseek@reddit.com;50;460;7790 Nova Junction; Pera;25
25/10/2021;Crimson;Oba;leastmeadel@51.la;25;169;335 Cherokee Plaza; Sandia;51
09/01/2021;Fuscia;Kazu;epandyaem@storify.com;59;530;0 Carberry Hill;Espinaca;5
04/09/2021;Puce;BlogXS;ahazlehursten@surveymonkey.com;92;843;29807 Dexter Place;Acelga;7
20/02/2022;Fuscia;Yacero;cbrashaweo@ezinearticles.com;79;478;2422 Dahle Street;Cereza;60
19/12/2021;Indigo;Wikivu;pmcmeanmaep@slashdot.org;71;407;08 Transport Center;Pomelo;84
09/11/2021;Orange;Kazio;tstudderseq@etsy.com;83;299;1638 Victoria Parkway;Limon;12
12/02/2022;Indigo;Photojam;caleksicher@icio.us;70;892;4021 Forest Dale Lane; Manzana;35
13/10/2020;Indigo;Buzzbean;kbruhnkees@apple.com;11;206;1964 West Parkway; Banana;10
27/03/2022;Fuscia;Shufflebeat;lmothersoleet@moonfruit.com;62;622;7888 Sommers Road; Pera;25
27/06/2021;Indigo;Flashdog;cattoneu@dropbox.com;11;812;32 Veith Point; Sandia;51
21/09/2021;Yellow;Yoveo;mtwohigev@cbsnews.com;51;186;7 4th Circle;Espinaca;5
27/06/2021;Purple;Livepath;crollerew@google.ca;71;924;60790 Morrow Pass;Acelga;7
30/08/2021;Pink;Thoughtblab;ymulvanyex@nifty.com;15;309;1060 Goodland Hill;Cereza;60
05/06/2021;Green;Edgeify;dvasyunkiney@shareasale.com;22;219;24 Golf Course Point;Pomelo;84
12/05/2021;Violet;Fanoodle;kvancasteleez@skyrock.com;14;60;2687 Oak Valley Crossing;Limon;12
05/08/2021;Turquoise;Jetpulse;erandsf0@reverbnation.com;88;985;78455 Marquette Road; Manzana;35
23/02/2021;Teal;Divape;bwallsf1@hexun.com;18;464;01905 Beilfuss Place; Banana;10
26/11/2021;Puce;Edgepulse;geddowisf2@skyrock.com;70;147;74864 Parkside Park; Pera;25
12/12/2021;Turquoise;Npath;bgatsbyf3@state.tx.us;22;516;1359 Northfield Trail; Sandia;51
20/03/2021;Indigo;Jayo;mmarshlandf4@parallels.com;54;986;8 Thierer Street;Espinaca;5
02/08/2021;Purple;Bluejam;dpladenf5@ycombinator.com;13;825;2063 Delladonna Circle;Acelga;7
10/12/2021;Aquamarine;Feedfish;sdythamf6@boston.com;97;418;9 Northview Way;Cereza;60
27/09/2020;Puce;Wikizz;rstudartf7@umn.edu;54;604;71 Russell Court;Pomelo;84
26/11/2020;Goldenrod;Myworks;mhardikerf8@accuweather.com;1;236;401 Katie Street;Limon;12
01/01/2021;Green;Kazio;dsherbrookef9@imgur.com;70;196;04945 Manufacturers Way; Manzana;35
22/06/2021;Blue;Zoovu;jplumerfa@mail.ru;42;391;71803 Cherokee Park; Banana;10
31/03/2021;Crimson;Divavu;tlarkfb@skyrock.com;96;951;66530 Logan Pass; Pera;25
26/10/2020;Goldenrod;Photobug;ccearleyfc@washingtonpost.com;94;77;36419 Coleman Road; Sandia;51
28/01/2022;Yellow;Lajo;tcailloufd@microsoft.com;75;904;4 Melby Drive;Espinaca;5
21/01/2021;Pink;Browsezoom;hpattullofe@fastcompany.com;93;978;30 Esch Parkway;Acelga;7
12/07/2021;Turquoise;Tagpad;dfrigotff@facebook.com;94;2;1810 Norway Maple Crossing;Cereza;60
09/05/2021;Khaki;Livepath;tclaringboldfg@unicef.org;47;1;515 Shoshone Junction;Pomelo;84
18/09/2021;Violet;Brainlounge;emacanefh@blinklist.com;3;607;4855 High Crossing Hill;Limon;12
11/05/2021;Mauv;Tagopia;grentonfi@mashable.com;16;913;52 Rockefeller Junction; Manzana;35
20/03/2022;Maroon;Muxo;fbisphamfj@a8.net;75;689;13226 Dryden Trail; Banana;10
16/03/2022;Purple;Brainverse;mgoldenofirelandfk@google.co.jp;73;655;417 Quincy Center; Pera;25
29/09/2020;Puce;Eazzy;rangusfl@bizjournals.com;82;362;63 Ohio Plaza; Sandia;51
24/03/2021;Goldenrod;Mynte;mformfm@simplemachines.org;64;407;57475 Caliangt Road;Espinaca;5
20/06/2021;Indigo;Skynoodle;bboycefn@wsj.com;47;273;66 Hazelcrest Way;Acelga;7
30/09/2020;Crimson;Gigabox;dbrocklesbyfo@ihg.com;44;832;01012 Erie Way;Cereza;60
24/05/2021;Goldenrod;Zooveo;aelverstonefp@google.pl;28;544;03411 Bonner Circle;Pomelo;84
12/03/2022;Crimson;Kamba;syearnsfq@utexas.edu;83;502;28 Westerfield Center;Limon;12
21/01/2021;Red;Wordpedia;spratleyfr@networkadvertising.org;84;236;720 Summerview Pass; Manzana;35
13/11/2021;Purple;Linkbridge;mshepherdfs@mail.ru;8;29;3 Anthes Crossing; Banana;10
28/04/2021;Puce;Edgeclub;lsherredft@rakuten.co.jp;74;296;821 Dryden Street; Pera;25
23/06/2021;Purple;Skinte;ccornelissefu@google.nl;44;608;8 Melrose Drive; Sandia;51
03/10/2020;Violet;Latz;lgatmanfv@altervista.org;28;930;8296 Transport Trail;Espinaca;5
06/11/2020;Purple;Zava;hgentryfw@ucla.edu;93;665;54382 Beilfuss Plaza;Acelga;7
06/10/2020;Orange;Jabbersphere;rhallockfx@clickbank.net;44;172;0059 Trailsway Crossing;Cereza;60
22/03/2022;Green;Yadel;acrandonfy@irs.gov;17;553;27971 Muir Avenue;Pomelo;84
25/12/2020;Violet;Bubblemix;fheindlfz@yahoo.co.jp;30;937;8 Shopko Center;Limon;12
15/02/2022;Fuscia;Rhybox;aheathcottg0@1688.com;2;44;36887 Kim Avenue; Manzana;35
19/11/2021;Yellow;Jayo;klarcherg1@miitbeian.gov.cn;49;701;8 Mccormick Park; Banana;10
15/02/2022;Teal;Fliptune;jkollaschekg2@washington.edu;23;500;336 Prentice Circle; Pera;25
17/06/2021;Khaki;Quatz;wbassindaleg3@merriam-webster.com;54;845;1 Westerfield Pass; Sandia;51
16/04/2021;Maroon;Oba;nhenrychg4@narod.ru;93;475;8 Shopko Park;Espinaca;5
03/08/2021;Purple;Gigazoom;jacklandg5@about.me;83;933;03 Roxbury Hill;Acelga;7
01/01/2021;Orange;Ainyx;cgiffg6@cbc.ca;100;344;82605 Southridge Plaza;Cereza;60
18/12/2021;Green;Kaymbo;jlambertazzig7@yahoo.co.jp;13;864;53065 Canary Court;Pomelo;84
28/09/2020;Orange;Plajo;lproudg8@t-online.de;50;460;03 Grasskamp Road;Limon;12
26/01/2022;Fuscia;Dablist;triddallg9@businesswire.com;24;401;7 Steensland Avenue; Manzana;35
23/07/2021;Purple;Yabox;rjacobga@ucoz.com;47;248;8 Duke Crossing; Banana;10
27/02/2022;Pink;Zava;cciannigb@blinklist.com;24;651;580 Service Pass; Pera;25
18/05/2021;Green;Centizu;wbrientgc@homestead.com;26;358;4 Glendale Pass; Sandia;51
28/04/2021;Indigo;Linkbuzz;aannesliegd@sina.com.cn;75;360;9 Amoth Pass;Espinaca;5
02/03/2021;Teal;Edgetag;srobusge@geocities.com;25;579;24 Pennsylvania Crossing;Acelga;7
07/12/2021;Pink;Mydo;aghidottigf@moonfruit.com;58;464;0871 Sage Hill;Cereza;60
07/04/2021;Mauv;Camido;cdranfieldgg@webnode.com;76;953;54848 Crowley Park;Pomelo;84
26/08/2021;Aquamarine;Skiba;ctommeigh@ucoz.com;51;551;51513 Jackson Avenue;Limon;12
21/02/2021;Turquoise;Kare;lpembertongi@xrea.com;96;481;754 Caliangt Hill; Manzana;35
06/12/2021;Fuscia;Yata;amaddisongj@wisc.edu;41;684;1 Golf Course Junction; Banana;10
26/07/2021;Violet;Fivebridge;aeptongk@engadget.com;32;124;258 Valley Edge Drive; Pera;25
08/09/2021;Puce;Vipe;tkryzhovgl@linkedin.com;46;493;71347 Trailsway Way; Sandia;51
30/05/2021;Puce;Shufflebeat;hmiddlehurstgm@huffingtonpost.com;85;816;404 Larry Junction;Espinaca;5
15/04/2021;Fuscia;Jetwire;ccanizaresgn@wordpress.com;96;748;140 Waubesa Alley;Acelga;7
26/04/2021;Crimson;Avavee;lmacgowngo@sfgate.com;53;233;29 Delaware Parkway;Cereza;60
25/02/2022;Pink;Mydeo;bliftongp@ameblo.jp;98;916;65611 Upham Circle;Pomelo;84
24/06/2021;Indigo;Quimm;cwrathmallgq@wordpress.org;7;489;698 Ridge Oak Avenue;Limon;12
01/02/2022;Puce;Buzzdog;tpenkegr@sphinn.com;94;551;556 Fairview Lane; Manzana;35
28/12/2020;Purple;Wordify;kaggottgs@spotify.com;40;982;3 Acker Point; Banana;10
08/03/2022;Purple;Mita;mhabeshawgt@devhub.com;45;792;579 Acker Road; Pera;25
31/01/2022;Pink;Topiczoom;twitnallgu@arstechnica.com;48;411;867 Eastwood Park; Sandia;51
13/08/2021;Purple;Leenti;cshicklegv@dagondesign.com;27;927;3 Anthes Road;Espinaca;5
08/05/2021;Pink;Trilia;cwagenengw@issuu.com;7;911;953 Darwin Circle;Acelga;7
05/02/2022;Crimson;Thoughtblab;bfinbygx@statcounter.com;61;978;36276 Norway Maple Terrace;Cereza;60
04/10/2021;Orange;Thoughtsphere;lkighlygy@webs.com;37;472;0 Rowland Hill;Pomelo;84
05/07/2021;Pink;Meejo;knanigz@usgs.gov;7;824;409 Meadow Ridge Way;Limon;12
18/01/2022;Pink;Thoughtstorm;nroydsh0@google.ru;90;946;44 Prairie Rose Hill; Manzana;35
04/12/2021;Puce;Pixonyx;psmailsh1@jiathis.com;95;346;8 Village Road; Banana;10
21/12/2020;Goldenrod;Dabjam;mwingeath2@wikimedia.org;49;835;09 Summit Parkway; Pera;25
25/02/2022;Maroon;Topiclounge;jbillsonh3@mit.edu;1;205;18220 Marquette Drive; Sandia;51
10/05/2021;Yellow;Babbleset;idombrellh4@economist.com;49;202;5 Morning Alley;Espinaca;5
29/04/2021;Turquoise;Devpoint;dglasheenh5@aol.com;4;860;3 Arkansas Lane;Acelga;7
06/11/2021;Khaki;Plambee;kdungayh6@ed.gov;22;74;50 Vera Road;Cereza;60
08/04/2021;Orange;Thoughtsphere;eyashinh7@arizona.edu;80;640;2839 Summit Plaza;Pomelo;84
07/06/2021;Crimson;Skinte;bgissoph8@upenn.edu;97;388;966 Mallory Way;Limon;12
04/05/2021;Goldenrod;Centimia;mvedenyakinh9@google.com.br;88;200;82142 Stoughton Plaza; Manzana;35
26/09/2021;Puce;Skiba;jenrricoha@boston.com;73;330;32 Lotheville Place; Banana;10
17/10/2020;Puce;Thoughtstorm;wfrighthb@domainmarket.com;34;300;39559 5th Trail; Pera;25
04/03/2022;Aquamarine;Skidoo;mdolderhc@etsy.com;44;819;2 Arrowood Avenue; Sandia;51
15/02/2021;Orange;Devbug;haloshikinhd@indiegogo.com;12;559;725 Evergreen Hill;Espinaca;5
25/10/2021;Crimson;Ailane;gmcgauhyhe@delicious.com;43;257;2181 Laurel Court;Acelga;7
29/09/2020;Indigo;Meejo;cwarenhf@blogger.com;18;188;07554 Crescent Oaks Park;Cereza;60
01/07/2021;Green;Ooba;elondesboroughhg@google.ru;93;284;05 Namekagon Place;Pomelo;84
12/10/2021;Purple;Janyx;clauxhh@ihg.com;28;150;013 Milwaukee Pass;Limon;12
15/12/2020;Turquoise;Yodo;ribotsonhi@miitbeian.gov.cn;44;190;8 Amoth Point; Manzana;35
21/01/2021;Crimson;Tazzy;jbrazerhj@chronoengine.com;93;932;713 Grayhawk Center; Banana;10
17/02/2022;Fuscia;Skinte;jsigmundhk@mac.com;35;657;3050 Logan Trail; Pera;25
17/01/2022;Teal;Devshare;hberndtssenhl@amazon.co.jp;37;266;54062 Longview Court; Sandia;51
21/08/2021;Indigo;Quire;winsealhm@cisco.com;60;600;17 Claremont Circle;Espinaca;5
06/09/2021;Mauv;Tagopia;nsmeedhn@taobao.com;16;292;3957 Anderson Court;Acelga;7
07/06/2021;Goldenrod;Babbleopia;mtarboxho@pagesperso-orange.fr;11;477;1175 Alpine Circle;Cereza;60
31/01/2022;Red;Topicshots;lpegghp@netvibes.com;72;932;5112 Hintze Trail;Pomelo;84
23/07/2021;Red;Thoughtmix;adenmanhq@biglobe.ne.jp;44;187;63864 Hudson Alley;Limon;12
09/04/2021;Green;Fivechat;cilyinskihr@ow.ly;56;223;522 Dahle Drive; Manzana;35
05/01/2021;Fuscia;Wikido;ilockeths@cbsnews.com;20;870;1926 Lakeland Alley; Banana;10
05/11/2020;Green;Oyondu;rivanchenkovht@timesonline.co.uk;59;969;154 Annamark Trail; Pera;25
24/02/2022;Purple;Meembee;aflintuffhu@disqus.com;5;434;95834 Warbler Avenue; Sandia;51
04/12/2020;Teal;Thoughtbridge;ufileshv@smugmug.com;64;346;1 Bobwhite Crossing;Espinaca;5
26/01/2021;Indigo;Jabberstorm;mmcgeochhw@woothemes.com;79;850;3 Hauk Drive;Acelga;7
21/01/2021;Crimson;Devbug;mrahillhx@dailymail.co.uk;23;342;61323 Cherokee Avenue;Cereza;60
28/07/2021;Violet;Eimbee;mhennigerhy@dagondesign.com;20;422;79 Oak Road;Pomelo;84
13/09/2021;Turquoise;Feednation;rgreeninhz@columbia.edu;20;294;23 Nevada Street;Limon;12
04/07/2021;Teal;Jayo;tprestneri0@walmart.com;76;696;34481 Marquette Court; Manzana;35
01/03/2022;Crimson;Flashset;vkoenraadi1@stanford.edu;98;144;85386 Anthes Parkway; Banana;10
21/01/2022;Red;Shufflebeat;gschapiroi2@discuz.net;63;331;03647 Longview Alley; Pera;25
18/02/2022;Turquoise;Avaveo;jwhyleri3@fema.gov;57;980;38683 Farmco Terrace; Sandia;51
05/09/2021;Blue;Yacero;wmirrleesi4@skype.com;82;151;9 Eggendart Circle;Espinaca;5
19/11/2020;Blue;Skiptube;sfiveyi5@photobucket.com;11;800;84 Havey Center;Acelga;7
14/05/2021;Crimson;Meemm;otwentymani6@parallels.com;60;855;8381 Rieder Place;Cereza;60
03/05/2021;Khaki;Dabfeed;scrocombei7@aol.com;92;195;0 Rusk Pass;Pomelo;84
13/05/2021;Green;Vinder;mlammertsi8@tmall.com;52;503;9 Corry Trail;Limon;12
08/01/2022;Khaki;Twitternation;jgeggi9@bizjournals.com;79;88;4513 Bunting Road; Manzana;35
02/02/2021;Mauv;JumpXS;aocarmodyia@tumblr.com;15;638;18 Melvin Street; Banana;10
15/09/2021;Purple;Leexo;mbosherib@homestead.com;77;903;513 Shoshone Parkway; Pera;25
27/07/2021;Teal;Rooxo;rminallic@ed.gov;97;186;578 Monica Circle; Sandia;51
10/02/2021;Red;Meevee;pjobbinsid@prlog.org;47;821;7 Upham Hill;Espinaca;5
24/04/2021;Yellow;Browsetype;mpettie@twitter.com;19;426;6323 Anzinger Street;Acelga;7
05/02/2021;Blue;Tagtune;cchatterisif@desdev.cn;46;404;03 Erie Parkway;Cereza;60
30/11/2020;Blue;Eamia;mpickavanceig@nyu.edu;43;378;4 Fair Oaks Road;Pomelo;84
25/12/2021;Red;Voonder;rgilffillanih@twitpic.com;56;698;0 Caliangt Center;Limon;12
11/08/2021;Goldenrod;Minyx;mmacgilpatrickii@twitter.com;41;243;45150 Russell Center; Manzana;35
15/03/2021;Red;Skinder;pleonardij@techcrunch.com;62;107;5577 Logan Way; Banana;10
22/03/2021;Goldenrod;Thoughtbeat;ckeepingik@forbes.com;10;642;04 Waywood Center; Pera;25
22/06/2021;Green;Jabbersphere;jcayleyil@va.gov;15;636;09 Mayer Circle; Sandia;51
04/02/2021;Green;Babbleblab;cpendreyim@tripadvisor.com;28;758;284 Roth Way;Espinaca;5
05/07/2021;Orange;Feednation;bmcalesterin@yellowpages.com;68;484;6 Golf Hill;Acelga;7
18/11/2020;Pink;Tagfeed;sgrombridgeio@cisco.com;11;231;20103 Bellgrove Avenue;Cereza;60
15/06/2021;Violet;Kaymbo;afingletonip@fema.gov;15;792;68858 Melby Hill;Pomelo;84
24/02/2021;Yellow;Buzzbean;bwhimpennyiq@reference.com;64;807;9 Utah Court;Limon;12
05/02/2022;Aquamarine;Meezzy;shouldinir@ted.com;89;981;22 Tennyson Street; Manzana;35
06/12/2021;Red;Flashpoint;wsethis@telegraph.co.uk;20;82;970 Vernon Crossing; Banana;10
16/08/2021;Turquoise;Yakijo;wmccurdyit@twitter.com;80;437;3682 Shoshone Road; Pera;25
21/02/2021;Yellow;Abatz;nyabsleyiu@slashdot.org;91;68;443 Blue Bill Park Plaza; Sandia;51
06/11/2021;Red;Dabjam;pstairiv@over-blog.com;68;709;78 Glendale Street;Espinaca;5
27/01/2021;Orange;Shuffletag;rwoodberryiw@scribd.com;38;842;15290 Morningstar Place;Acelga;7
07/10/2021;Orange;Pixope;mstubbinix@yellowpages.com;13;693;382 Oneill Hill;Cereza;60
25/01/2021;Puce;Yabox;kkapelhofiy@xrea.com;79;128;69 Golf View Drive;Pomelo;84
26/09/2020;Turquoise;Youspan;agilliceiz@cisco.com;39;133;0139 Huxley Hill;Limon;12
02/11/2020;Puce;Ozu;apanchinj0@mapy.cz;57;103;7 Dennis Junction; Manzana;35
30/09/2020;Mauv;Shuffledrive;sheberdenj1@disqus.com;30;267;5 Jenifer Avenue; Banana;10
15/03/2022;Blue;Fivespan;rfrohockj2@dropbox.com;53;26;4 Center Avenue; Pera;25
19/08/2021;Purple;Oba;ewolfordj3@tuttocitta.it;5;160;75985 Bluejay Avenue; Sandia;51
07/11/2020;Violet;Devpulse;dcoursej4@washington.edu;65;95;82102 Brentwood Hill;Espinaca;5
24/03/2022;Green;Meevee;lfathersj5@last.fm;21;786;776 Sunfield Center;Acelga;7
04/08/2021;Puce;Digitube;jshuttlewoodj6@whitehouse.gov;2;39;10758 Bunting Terrace;Cereza;60
16/01/2021;Mauv;Skaboo;foneilj7@merriam-webster.com;10;156;5 Holy Cross Drive;Pomelo;84
10/04/2021;Green;Linklinks;benderleinj8@go.com;12;26;740 Vera Plaza;Limon;12
21/06/2021;Orange;Dabjam;mkretchmerj9@wikipedia.org;27;994;212 Warner Street; Manzana;35
31/10/2021;Turquoise;Fatz;gdiperausja@acquirethisname.com;89;579;003 Merrick Park; Banana;10
27/10/2021;Mauv;Kanoodle;mpanasjb@diigo.com;37;470;44 Gale Place; Pera;25
21/08/2021;Teal;Gabspot;nnovellojc@hexun.com;32;974;47002 Cottonwood Lane; Sandia;51
29/03/2021;Fuscia;Skibox;rtourniejd@google.com.br;16;713;93 Lake View Plaza;Espinaca;5
19/11/2020;Green;Devshare;ebiaggiolije@com.com;13;281;242 Warner Alley;Acelga;7
27/03/2021;Mauv;Fanoodle;plangerenjf@narod.ru;44;676;4648 Oak Road;Cereza;60
05/03/2022;Purple;Edgetag;aracherjg@google.it;35;696;9571 Cambridge Alley;Pomelo;84
29/10/2020;Green;Rhynyx;salywenjh@theatlantic.com;46;882;68 Boyd Terrace;Limon;12
22/08/2021;Aquamarine;Browsezoom;thuetji@google.nl;60;802;0 Reinke Place; Manzana;35
08/12/2020;Green;Feedbug;kdeblasejj@ucoz.ru;59;617;5739 Fuller Terrace; Banana;10
23/02/2021;Crimson;Lazz;hdockreayjk@marriott.com;71;352;92 Loeprich Circle; Pera;25
15/02/2022;Turquoise;Quimm;tchasmarjl@fc2.com;58;953;42802 Montana Drive; Sandia;51
29/01/2022;Khaki;Skinte;cbiaggettijm@goo.gl;30;493;46522 Loeprich Crossing;Espinaca;5
07/06/2021;Blue;Wikido;tblaslijn@miibeian.gov.cn;32;425;4197 West Parkway;Acelga;7
20/06/2021;Blue;Riffwire;kmorteljo@adobe.com;79;361;8832 Waywood Point;Cereza;60
28/01/2021;Indigo;Layo;lbuggsjp@wsj.com;59;907;392 Coleman Court;Pomelo;84
01/06/2021;Aquamarine;Kamba;rcopojq@wix.com;88;229;5451 Blackbird Hill;Limon;12
24/06/2021;Goldenrod;Kimia;imccroriejr@blogger.com;75;694;756 Delladonna Road; Manzana;35
01/02/2022;Orange;Skiptube;scocklinjs@g.co;76;598;9873 Donald Place; Banana;10
19/10/2021;Blue;Midel;rfrerejt@ow.ly;88;87;5111 Mosinee Avenue; Pera;25
09/02/2021;Aquamarine;Linktype;kwarrackju@boston.com;35;682;3195 Vernon Court; Sandia;51
28/08/2021;Orange;Shufflester;osarrejv@bluehost.com;69;703;4460 Coolidge Junction;Espinaca;5
07/07/2021;Orange;Chatterbridge;cbulledjw@google.com.au;74;440;01031 Lerdahl Parkway;Acelga;7
05/01/2022;Mauv;Babblestorm;slequesnejx@unblog.fr;20;696;82272 Tennessee Hill;Cereza;60
11/07/2021;Violet;Quatz;rjosipovicjy@hp.com;48;169;15 Lakewood Gardens Point;Pomelo;84
04/12/2021;Yellow;Eadel;dvennerjz@noaa.gov;15;607;79927 Pankratz Way;Limon;12
25/12/2021;Pink;Mynte;mrummink0@tripadvisor.com;46;42;4 Warbler Terrace; Manzana;35
14/02/2021;Crimson;Kwideo;ptownk1@twitter.com;69;247;2727 Farragut Street; Banana;10
27/12/2020;Blue;Oyoloo;rdibiasik2@google.com;57;565;624 Fuller Junction; Pera;25
30/05/2021;Pink;Voonder;ksabatesk3@china.com.cn;13;472;582 Buell Point; Sandia;51
28/11/2021;Turquoise;Topdrive;cfawderyk4@com.com;68;728;70 Dayton Point;Espinaca;5
21/07/2021;Orange;Photobug;ddamik5@dot.gov;69;275;93081 Shasta Pass;Acelga;7
09/08/2021;Red;Jetwire;echestneyk6@bing.com;94;521;6 Lindbergh Junction;Cereza;60
24/03/2022;Puce;Twitterworks;jchapellk7@tamu.edu;76;525;78 Paget Trail;Pomelo;84
27/10/2020;Mauv;Topiczoom;lsummerhayesk8@umich.edu;28;305;5 Eliot Place;Limon;12
05/03/2022;Blue;Riffwire;atrayfordk9@histats.com;38;210;8 Mariners Cove Street; Manzana;35
03/04/2021;Pink;Dabvine;iguinnaneka@redcross.org;20;206;23244 Johnson Street; Banana;10
16/01/2021;Orange;Skivee;efennerskb@is.gd;81;946;3 Fairfield Circle; Pera;25
17/12/2021;Pink;Blogtags;dbanvillekc@ftc.gov;27;812;4087 Arrowood Alley; Sandia;51
31/10/2021;Pink;Tazz;csealandkd@photobucket.com;30;401;98527 Starling Lane;Espinaca;5
27/06/2021;Blue;Twinte;ekosiadake@noaa.gov;10;899;561 Rigney Circle;Acelga;7
19/03/2021;Yellow;Agivu;wcorykf@reuters.com;49;300;911 Claremont Drive;Cereza;60
04/03/2022;Pink;Riffpath;tabramsonkg@hao123.com;74;586;26 Dorton Road;Pomelo;84
08/06/2021;Turquoise;Dabvine;ntemperleykh@princeton.edu;39;944;20250 Sauthoff Street;Limon;12
05/04/2021;Maroon;Tavu;ddigbyki@deviantart.com;34;86;36013 3rd Avenue; Manzana;35
14/03/2021;Mauv;Flashspan;zmompessonkj@smugmug.com;62;979;2626 Bonner Lane; Banana;10
11/01/2022;Red;Jaloo;rmccritchiekk@intel.com;5;749;68925 Maple Trail; Pera;25
30/03/2022;Puce;Voonix;mshirtkl@census.gov;86;67;374 Maple Point; Sandia;51
13/09/2021;Green;Zooveo;wskrynekm@reverbnation.com;54;662;36331 Stoughton Avenue;Espinaca;5
08/08/2021;Violet;Youtags;cprovostkn@joomla.org;24;192;61 Brown Junction;Acelga;7
16/03/2021;Aquamarine;Yozio;sdonisiko@homestead.com;83;34;39 Sachtjen Hill;Cereza;60
23/09/2021;Purple;Janyx;rwattskp@diigo.com;15;303;8547 Elka Parkway;Pomelo;84
13/05/2021;Aquamarine;Jabbercube;ahitchamkq@ted.com;23;846;2 Coleman Lane;Limon;12
12/10/2020;Teal;Babbleblab;mhartridgekr@clickbank.net;85;935;42 Reindahl Road; Manzana;35
05/03/2021;Turquoise;Fliptune;jleeseks@japanpost.jp;79;735;1 Sycamore Center; Banana;10
14/01/2021;Red;Aibox;bengelkt@youtu.be;43;761;3350 Burrows Plaza; Pera;25
13/10/2020;Green;Brightbean;aarneyku@walmart.com;17;60;46389 Cottonwood Trail; Sandia;51
11/12/2020;Pink;Viva;bsayerkv@goo.gl;52;963;17735 Hansons Circle;Espinaca;5
22/01/2021;Puce;Jabbercube;kpannierskw@springer.com;68;736;950 Nancy Avenue;Acelga;7
09/02/2021;Maroon;Avamm;cbouldekx@cornell.edu;93;205;945 Packers Crossing;Cereza;60
23/12/2020;Indigo;Buzzdog;bbailesky@admin.ch;16;315;33517 Clove Way;Pomelo;84
22/12/2021;Khaki;Pixope;kallanskz@vinaora.com;98;625;3 Bartelt Hill;Limon;12
28/09/2020;Green;Eimbee;mschaferl0@icio.us;46;619;7 Welch Road; Manzana;35
04/08/2021;Aquamarine;Midel;hgaynel1@wordpress.com;87;776;774 Scofield Point; Banana;10
24/10/2021;Blue;Abata;wbouldingl2@gnu.org;57;395;523 Sugar Plaza; Pera;25
05/09/2021;Aquamarine;Thoughtstorm;rmarteletl3@skype.com;27;793;4564 Sherman Junction; Sandia;51
01/06/2021;Khaki;Omba;kjacobl4@ameblo.jp;50;562;88 Novick Crossing;Espinaca;5
28/01/2022;Purple;Kanoodle;wscanlanl5@ca.gov;72;247;2 Kings Pass;Acelga;7
18/01/2022;Indigo;Linktype;cmuneelyl6@craigslist.org;98;705;37222 Thackeray Place;Cereza;60
25/01/2021;Pink;Skimia;polfordl7@angelfire.com;85;924;403 Pankratz Point;Pomelo;84
20/10/2020;Crimson;Jatri;cmcgeownl8@cocolog-nifty.com;70;550;7872 Havey Way;Limon;12
18/08/2021;Khaki;Skinder;kruttgersl9@netlog.com;99;964;49 Park Meadow Avenue; Manzana;35
26/04/2021;Fuscia;Einti;anunneryla@clickbank.net;49;165;22 Express Drive; Banana;10
01/07/2021;Crimson;Centizu;mlubylb@cnbc.com;54;278;23 Fair Oaks Court; Pera;25
29/11/2021;Orange;Voonder;druffelllc@360.cn;83;754;057 Hoepker Street; Sandia;51
31/12/2020;Pink;Devcast;bcasseld@techcrunch.com;19;756;34300 Chinook Court;Espinaca;5
03/01/2021;Green;Muxo;rardenle@wordpress.com;48;763;33988 Swallow Terrace;Acelga;7
24/11/2020;Purple;Trudeo;gmacbeylf@bing.com;85;459;4283 Ridgeview Pass;Cereza;60
03/02/2022;Indigo;Dynabox;mdelahuntlg@cnet.com;64;881;9515 Logan Circle;Pomelo;84
05/10/2020;Goldenrod;Trilith;flawfulllh@sphinn.com;91;698;18519 Riverside Center;Limon;12
14/03/2022;Orange;Oodoo;adanali@ocn.ne.jp;74;200;2 Portage Way; Manzana;35
16/01/2022;Goldenrod;Leenti;sholberrylj@digg.com;80;516;739 Pawling Terrace; Banana;10
09/03/2021;Crimson;Eayo;mmawnelk@hugedomains.com;44;792;8 Vermont Terrace; Pera;25
30/11/2021;Indigo;Vimbo;amayceyll@ezinearticles.com;22;348;6 Westport Pass; Sandia;51
07/10/2021;Teal;Thoughtbridge;bbeatenlm@hexun.com;56;280;62 Buell Way;Espinaca;5
27/10/2021;Purple;Vimbo;dboncoeurln@alexa.com;63;367;57 Melby Junction;Acelga;7
22/04/2021;Orange;Meeveo;blowbridgelo@prlog.org;60;463;939 Sutteridge Road;Cereza;60
18/02/2021;Green;Realbridge;palfordelp@sina.com.cn;19;586;4599 Union Drive;Pomelo;84
11/11/2020;Blue;Avavee;hswancottlq@tiny.cc;39;48;77 Hooker Drive;Limon;12
01/02/2022;Orange;Centidel;tkinghornlr@cafepress.com;4;431;6 Derek Trail; Manzana;35
23/02/2022;Purple;Gigabox;vpondls@ed.gov;66;279;6039 Anniversary Drive; Banana;10
03/10/2021;Violet;Plambee;frawetlt@cloudflare.com;50;1000;6 Summit Alley; Pera;25
30/08/2021;Green;Muxo;sdyterlu@liveinternet.ru;16;121;5888 Merchant Crossing; Sandia;51
03/01/2022;Teal;Roodel;adegiovannilv@utexas.edu;75;858;2144 Waxwing Place;Espinaca;5
23/04/2021;Violet;Jamia;agoldsteinlw@liveinternet.ru;39;791;25983 Express Point;Acelga;7
19/07/2021;Turquoise;Demimbu;cbrixhamlx@howstuffworks.com;16;437;5 Granby Junction;Cereza;60
29/10/2020;Crimson;Miboo;sballochly@furl.net;90;282;3507 Di Loreto Parkway;Pomelo;84
27/08/2021;Pink;Thoughtblab;kcragelllz@cisco.com;70;296;03 Stoughton Plaza;Limon;12
25/05/2021;Puce;Feedfire;epreshawm0@upenn.edu;65;999;36383 Brickson Park Plaza; Manzana;35
09/02/2022;Aquamarine;Shuffletag;pruburym1@kickstarter.com;48;160;8783 Northridge Crossing; Banana;10
22/01/2021;Purple;Latz;nvondrachm2@topsy.com;58;202;0900 Monica Lane; Pera;25
15/10/2021;Purple;Flipbug;aspiresm3@nasa.gov;14;808;25 Susan Place; Sandia;51
19/12/2021;Goldenrod;Thoughtsphere;icazem4@1und1.de;30;136;8091 Kingsford Way;Espinaca;5
26/02/2021;Indigo;Dabfeed;galeswellm5@yelp.com;31;785;9397 Sheridan Road;Acelga;7
22/11/2020;Khaki;Aimbo;ddimelowm6@freewebs.com;54;425;60262 Fuller Street;Cereza;60
07/01/2022;Purple;Tazzy;rrilingsm7@prlog.org;97;173;63294 Mandrake Terrace;Pomelo;84
17/11/2020;Khaki;Npath;iblandamorem8@miitbeian.gov.cn;46;364;691 Novick Park;Limon;12
10/01/2022;Maroon;Kimia;lmayorm9@delicious.com;100;693;16 Mendota Crossing; Manzana;35
22/03/2021;Yellow;Chatterbridge;ekemmisma@furl.net;96;869;024 American Ash Avenue; Banana;10
09/12/2021;Crimson;Trilith;salnermb@soundcloud.com;19;116;22256 Shasta Place; Pera;25
29/07/2021;Orange;Browsetype;cprowtingmc@seattletimes.com;97;516;57714 Burning Wood Parkway; Sandia;51
10/04/2021;Aquamarine;Blogspan;dpizzeymd@ezinearticles.com;79;476;99998 Kensington Point;Espinaca;5
15/12/2020;Goldenrod;Kimia;fhurfordme@discovery.com;18;394;2 4th Trail;Acelga;7
17/06/2021;Blue;Dabjam;dcaffertymf@reverbnation.com;87;142;34 Lillian Way;Cereza;60
21/10/2021;Blue;Mydo;jwolseymg@lycos.com;47;558;4445 Pawling Street;Pomelo;84
28/12/2020;Teal;Twiyo;cduntonmh@posterous.com;80;303;7 Everett Trail;Limon;12
04/05/2021;Puce;Jabberbean;kkarchowskimi@bbc.co.uk;72;900;7954 Anhalt Center; Manzana;35
29/05/2021;Blue;Twinte;ocruickshanksmj@nymag.com;8;849;88 Armistice Pass; Banana;10
18/10/2021;Teal;Voonte;cshiltonmk@blogger.com;7;219;1650 Fieldstone Park; Pera;25
05/02/2022;Turquoise;Edgeclub;smeaceml@cafepress.com;80;871;35 Jenifer Park; Sandia;51
06/12/2021;Yellow;Blogtag;lbannermanmm@people.com.cn;29;278;88 Susan Lane;Espinaca;5
08/04/2021;Orange;Twitternation;eochterloniemn@furl.net;42;574;4827 Parkside Terrace;Acelga;7
07/01/2021;Mauv;Yamia;mduckhammo@si.edu;16;634;60716 Prairie Rose Avenue;Cereza;60
27/10/2021;Pink;Jazzy;dullyattmp@spotify.com;8;834;605 Kim Trail;Pomelo;84
07/07/2021;Khaki;Browsecat;kcolbournmq@umn.edu;32;218;660 Truax Pass;Limon;12
22/06/2021;Mauv;Meedoo;skirckmanmr@netscape.com;28;859;092 Norway Maple Court; Manzana;35
28/06/2021;Pink;Katz;ecarletonms@nih.gov;8;822;40 Sachtjen Junction; Banana;10
05/12/2021;Fuscia;Tagchat;fhazlehurstmt@hubpages.com;90;951;603 Hoffman Road; Pera;25
21/11/2020;Green;Zoovu;ccastanomu@webnode.com;24;73;9 Hollow Ridge Place; Sandia;51
07/04/2021;Orange;Divanoodle;rgoodermv@house.gov;17;315;37991 David Terrace;Espinaca;5
18/12/2020;Crimson;Realbridge;ndaviomw@addthis.com;77;387;5 Raven Hill;Acelga;7
25/12/2021;Teal;Thoughtmix;pbibbymx@nifty.com;56;621;31791 Steensland Court;Cereza;60
09/01/2021;Orange;Topicshots;ssavorymy@irs.gov;38;118;21 Linden Plaza;Pomelo;84
12/04/2021;Green;Lazzy;anizetmz@a8.net;41;787;48234 La Follette Hill;Limon;12
08/07/2021;Orange;Skiba;ggoodhewn0@google.com.au;9;5;770 Hansons Junction; Manzana;35
07/09/2021;Aquamarine;Divavu;sdeakinsn1@wikia.com;60;250;41639 Roxbury Terrace; Banana;10
02/04/2021;Turquoise;Pixoboo;gnovakovicn2@github.io;4;243;652 Tony Park; Pera;25
22/08/2021;Khaki;Yadel;lglackinn3@ow.ly;74;256;628 Stoughton Junction; Sandia;51
28/12/2020;Crimson;Abatz;cparcelln4@opera.com;92;273;84 Sugar Place;Espinaca;5
29/10/2020;Crimson;Mydeo;nketteridgen5@hhs.gov;29;940;1608 Dayton Park;Acelga;7
02/09/2021;Violet;Dynabox;ndwightn6@nydailynews.com;19;597;898 Truax Pass;Cereza;60
05/04/2021;Indigo;BlogXS;eincognan7@google.de;33;253;4 Parkside Lane;Pomelo;84
25/01/2022;Red;Twitterwire;mwanen8@shareasale.com;47;585;49813 Forster Junction;Limon;12
29/05/2021;Crimson;Dabjam;esucren9@globo.com;43;450;41927 Myrtle Court; Manzana;35
26/04/2021;Teal;Eamia;ttebbna@cyberchimps.com;13;129;10532 Warrior Circle; Banana;10
21/11/2021;Yellow;Reallinks;bmermannb@goo.ne.jp;1;107;23161 Valley Edge Avenue; Pera;25
15/03/2022;Aquamarine;Blogpad;sbastienc@alibaba.com;67;298;06 Karstens Junction; Sandia;51
12/02/2022;Teal;Zoozzy;ghigounetnd@si.edu;42;274;38 Buell Junction;Espinaca;5
01/01/2022;Orange;Minyx;cbastonene@buzzfeed.com;29;418;3 Dawn Court;Acelga;7
01/11/2021;Puce;Tagfeed;whealynf@oaic.gov.au;25;164;1144 Mallard Park;Cereza;60
07/10/2020;Khaki;Realmix;aloreitng@uiuc.edu;57;243;9 Clyde Gallagher Avenue;Pomelo;84
16/03/2022;Green;Edgeblab;lhurllnh@squarespace.com;98;611;393 Coleman Avenue;Limon;12
05/02/2022;Blue;Zazio;swalcarni@bing.com;94;188;74259 Green Ridge Lane; Manzana;35
15/02/2021;Red;Jabbersphere;mkobnj@hud.gov;87;306;7 Lawn Place; Banana;10
15/03/2021;Red;LiveZ;kcrebbinnk@exblog.jp;46;310;396 Butternut Junction; Pera;25
15/11/2021;Yellow;Skipstorm;rgaynesfordnl@lulu.com;78;354;65639 Lakewood Gardens Trail; Sandia;51
13/02/2022;Mauv;Oyoba;lnequestnm@vistaprint.com;81;314;80655 Anderson Park;Espinaca;5
04/03/2022;Yellow;Oloo;cspeaknn@linkedin.com;72;548;31578 Bobwhite Plaza;Acelga;7
31/10/2021;Maroon;Babblestorm;rbovingdonno@guardian.co.uk;54;903;11 Northport Court;Cereza;60
01/10/2020;Mauv;Leexo;afreebornenp@cornell.edu;100;541;5 Golf Course Pass;Pomelo;84
20/03/2021;Crimson;Zoomlounge;doxtonnq@myspace.com;66;209;27 Cherokee Terrace;Limon;12
20/02/2022;Goldenrod;Pixope;brawsennr@columbia.edu;95;621;998 Sugar Place; Manzana;35
25/11/2020;Goldenrod;Feedmix;cdenisckens@patch.com;26;868;65 Mockingbird Alley; Banana;10
02/09/2021;Teal;Dynava;llambant@huffingtonpost.com;78;861;6 Dakota Alley; Pera;25
12/07/2021;Pink;Jabbersphere;cbultitudenu@myspace.com;64;68;961 Mayer Way; Sandia;51
22/12/2021;Red;Thoughtstorm;escarlettnv@time.com;75;702;059 Warrior Point;Espinaca;5
18/10/2020;Maroon;Shuffledrive;iwilflingnw@163.com;6;208;1 Sachs Plaza;Acelga;7
29/03/2021;Goldenrod;Rhycero;pmuddnx@npr.org;43;814;26900 Jenna Pass;Cereza;60
27/09/2021;Orange;Edgepulse;smernerny@youtu.be;22;847;01580 Hintze Point;Pomelo;84
01/07/2021;Mauv;Roodel;rlimpkinnz@sakura.ne.jp;19;894;7549 Hallows Place;Limon;12
29/11/2021;Teal;Eayo;atweddello0@elpais.com;29;211;85 Macpherson Crossing; Manzana;35
10/04/2021;Goldenrod;Flipbug;kgeorgelo1@hatena.ne.jp;45;125;8607 Killdeer Crossing; Banana;10
26/01/2022;Blue;Blognation;mhurburto2@comsenz.com;34;505;60 Columbus Street; Pera;25
09/01/2021;Indigo;Wordpedia;ccorradeschio3@disqus.com;6;588;93 Fisk Place; Sandia;51
29/01/2022;Crimson;Meevee;ecoyeo4@google.ca;90;441;872 Vermont Alley;Espinaca;5
06/07/2021;Goldenrod;Topicstorm;ccorradinio5@123-reg.co.uk;56;699;04 Fremont Plaza;Acelga;7
06/11/2021;Orange;Divape;bderuelo6@xrea.com;69;959;83 Butternut Junction;Cereza;60
14/08/2021;Indigo;Zoombox;amoyleo7@eventbrite.com;50;26;9196 Dwight Place;Pomelo;84
09/03/2022;Aquamarine;Oyope;tdaultono8@boston.com;27;327;50307 Artisan Point;Limon;12
23/07/2021;Puce;Twitterwire;hprantlo9@nasa.gov;92;422;9 Clarendon Hill; Manzana;35
11/01/2021;Indigo;Dynazzy;hpeatheyjohnsoa@imgur.com;51;923;3830 Mallard Circle; Banana;10
15/01/2022;Mauv;Voonte;cbullinob@fastcompany.com;44;762;1136 Pankratz Junction; Pera;25
16/11/2021;Red;Skynoodle;dvalleroc@rakuten.co.jp;73;589;277 Toban Court; Sandia;51
10/04/2021;Yellow;Mydo;awillmontod@yolasite.com;9;382;8805 Sundown Junction;Espinaca;5
08/01/2022;Fuscia;Twitterwire;jhestropoe@last.fm;13;277;21381 Fairfield Court;Acelga;7
15/10/2020;Red;Skajo;rgallandreof@chicagotribune.com;10;843;17 Kropf Junction;Cereza;60
24/06/2021;Violet;Browsetype;ehillittog@google.it;68;645;1 Holmberg Hill;Pomelo;84
30/08/2021;Violet;Pixoboo;tcomioh@hhs.gov;29;978;2484 Hermina Circle;Limon;12
22/01/2022;Violet;Wordtune;psnelleroi@about.me;42;145;4420 Loomis Lane; Manzana;35
02/03/2022;Maroon;Edgetag;imctrustramoj@wikimedia.org;97;425;761 Cody Crossing; Banana;10
20/12/2020;Khaki;Meedoo;vlouisotok@php.net;86;317;19 Emmet Lane; Pera;25
01/04/2021;Maroon;Jabbersphere;yjeroschol@exblog.jp;41;282;97 Derek Road; Sandia;51
16/11/2021;Blue;Gigabox;mmussardom@chron.com;16;569;04809 Pine View Avenue;Espinaca;5
15/03/2021;Purple;Quatz;shaddockon@narod.ru;85;315;2 Esker Crossing;Acelga;7
03/06/2021;Red;Oloo;mnocklesoo@qq.com;20;126;4 Gulseth Center;Cereza;60
19/10/2021;Puce;Jetpulse;jsudworthop@printfriendly.com;81;17;44 Hoard Circle;Pomelo;84
31/08/2021;Khaki;Quinu;mtodhunteroq@t.co;69;801;8580 Shopko Way;Limon;12
04/10/2021;Purple;Quinu;jpetrenor@harvard.edu;27;446;6284 Old Shore Point; Manzana;35
05/12/2021;Fuscia;Skinder;kgarralsos@t.co;3;481;1581 Caliangt Way; Banana;10
03/01/2022;Yellow;Katz;mzecchettiot@printfriendly.com;38;511;1032 Superior Junction; Pera;25
16/01/2022;Purple;Feedspan;meisikowitzou@economist.com;81;324;28 Banding Circle; Sandia;51
29/09/2021;Puce;Mudo;elamartineov@msn.com;84;933;9145 East Avenue;Espinaca;5
30/05/2021;Aquamarine;Ozu;mdecruzow@amazon.de;6;924;4503 Carey Plaza;Acelga;7
23/10/2021;Yellow;Wordware;moconnelox@ft.com;5;933;402 Doe Crossing Terrace;Cereza;60
06/03/2021;Aquamarine;Oyoyo;ngeffcockoy@washington.edu;96;472;96 Debra Point;Pomelo;84
07/02/2022;Green;Edgeify;aberardtoz@free.fr;23;318;36740 Wayridge Point;Limon;12
28/08/2021;Maroon;Mymm;cdauneyp0@statcounter.com;19;232;1 Pearson Drive; Manzana;35
29/07/2021;Mauv;Wikivu;bmcconnelp1@goo.gl;85;497;1 Hooker Road; Banana;10
10/10/2021;Maroon;Blogspan;lanfussop2@php.net;29;53;97016 Shoshone Place; Pera;25
03/10/2021;Violet;Jaxspan;cjoriozp3@g.co;64;425;6 Sage Trail; Sandia;51
01/02/2022;Blue;Reallinks;gpattrickp4@is.gd;19;859;41 Wayridge Point;Espinaca;5
06/12/2020;Maroon;Trupe;cmcgaughayp5@netscape.com;61;436;58 Old Gate Alley;Acelga;7
02/11/2020;Red;Thoughtworks;akiffep6@webeden.co.uk;28;116;84087 Bluestem Alley;Cereza;60
30/12/2020;Pink;Jaxbean;kfallap7@blogtalkradio.com;1;436;7 Boyd Terrace;Pomelo;84
05/10/2021;Green;Podcat;sbougheyp8@deviantart.com;31;225;2 Pepper Wood Lane;Limon;12
19/07/2021;Green;Centimia;dchristofep9@wikimedia.org;47;72;975 Crest Line Pass; Manzana;35
04/06/2021;Indigo;Yotz;adrohanpa@live.com;8;372;4 Carpenter Crossing; Banana;10
18/02/2021;Aquamarine;Livepath;mloinspb@delicious.com;90;154;58 Russell Junction; Pera;25
17/11/2020;Crimson;Eare;etenniswoodpc@ucoz.com;72;245;127 Waxwing Road; Sandia;51
10/01/2022;Crimson;Rhynyx;bcholdcroftpd@si.edu;7;561;5 Atwood Crossing;Espinaca;5
25/11/2020;Goldenrod;Eadel;atillype@ameblo.jp;89;770;4587 Tony Alley;Acelga;7
27/12/2021;Yellow;Voonte;hescalerapf@booking.com;60;151;5 Packers Terrace;Cereza;60
23/07/2021;Teal;Vipe;amardepg@usnews.com;54;855;92825 Moland Court;Pomelo;84
13/06/2021;Goldenrod;Voonyx;bdringph@devhub.com;35;860;9 Bunting Court;Limon;12
20/12/2021;Yellow;Tagfeed;jboorerpi@opensource.org;53;677;7248 Merry Street; Manzana;35
12/09/2021;Teal;Reallinks;djuarezpj@weather.com;26;202;5039 Pearson Center; Banana;10
12/10/2020;Violet;Dabshots;dcutcheepk@canalblog.com;95;920;2 Daystar Place; Pera;25
09/01/2021;Indigo;Blogpad;adantonpl@goodreads.com;21;404;4129 South Plaza; Sandia;51
11/10/2021;Maroon;Brainverse;mpinshonpm@deviantart.com;50;196;531 1st Alley;Espinaca;5
15/04/2021;Maroon;Eabox;dlamberteschipn@sciencedirect.com;92;833;47 Jay Way;Acelga;7
06/10/2020;Blue;Skibox;nvasnetsovpo@springer.com;29;55;46 Saint Paul Parkway;Cereza;60
26/08/2021;Orange;Kwinu;mraltonpp@ehow.com;35;870;9 American Crossing;Pomelo;84
13/10/2021;Turquoise;Roodel;eblampypq@ustream.tv;9;512;167 Gulseth Drive;Limon;12
23/10/2021;Indigo;Pixope;sblazipr@mit.edu;92;65;6944 Mccormick Court; Manzana;35
13/05/2021;Fuscia;Realcube;gwooderps@jalbum.net;79;241;73 Roxbury Circle; Banana;10
11/05/2021;Yellow;Demivee;slandmanpt@aol.com;34;961;1 Grayhawk Crossing; Pera;25
29/11/2020;Crimson;Trudeo;csleithpu@marriott.com;28;885;7960 Pawling Place; Sandia;51
19/02/2021;Violet;Gigazoom;nelhampv@hibu.com;30;642;366 Blue Bill Park Terrace;Espinaca;5
10/12/2021;Purple;Twitterlist;abansalpw@mtv.com;66;75;25 Old Gate Place;Acelga;7
18/03/2021;Goldenrod;Izio;leyeingtonpx@google.com;99;997;7 International Trail;Cereza;60
11/07/2021;Red;Blogpad;ltremainepy@imageshack.us;49;92;440 Homewood Alley;Pomelo;84
28/02/2021;Fuscia;Buzzdog;cswindellspz@cbsnews.com;37;780;95808 Miller Court;Limon;12
15/03/2022;Fuscia;Skynoodle;adaiceq0@com.com;49;740;0 Bonner Circle; Manzana;35
04/01/2021;Purple;Topicblab;rhinchamq1@comcast.net;46;595;635 Westport Street; Banana;10
20/06/2021;Blue;Buzzster;apaybodyq2@prlog.org;37;346;64485 Oak Valley Circle; Pera;25
16/12/2021;Mauv;Mydo;jbanishevitzq3@sina.com.cn;91;334;6 Gerald Lane; Sandia;51
02/10/2021;Red;Zazio;kblakslandq4@mozilla.org;31;281;326 Melvin Plaza;Espinaca;5
27/09/2021;Yellow;Skimia;sbaxendaleq5@smugmug.com;40;151;74 Lunder Lane;Acelga;7
17/12/2021;Teal;Oodoo;vbartolq6@clickbank.net;9;262;7827 Oak Valley Alley;Cereza;60
02/06/2021;Yellow;Twitterwire;jwhistonq7@themeforest.net;39;878;31975 Kim Avenue;Pomelo;84
26/02/2021;Blue;Divanoodle;kvolkesq8@eventbrite.com;76;789;48140 Calypso Plaza;Limon;12
11/10/2021;Indigo;Yabox;gtebbq9@mail.ru;9;367;03806 Jenifer Crossing; Manzana;35
30/03/2021;Indigo;Twiyo;mbielfeltqa@indiegogo.com;22;864;88 Crownhardt Trail; Banana;10
16/12/2020;Mauv;Flipstorm;mswinleyqb@blogspot.com;8;388;03 Towne Point; Pera;25
30/07/2021;Indigo;Avamba;fdelieuqc@geocities.com;56;461;34237 Morrow Way; Sandia;51
14/10/2021;Maroon;Jayo;abellamyqd@ocn.ne.jp;45;358;03 Caliangt Road;Espinaca;5
05/01/2021;Teal;Vipe;amardepg@usnews.com;54;855;92825 Moland Court;Pomelo;84
27/12/2021;Goldenrod;Voonyx;bdringph@devhub.com;35;860;9 Bunting Court;Limon;12
20/01/2021;Yellow;Tagfeed;jboorerpi@opensource.org;53;677;7248 Merry Street; Manzana;35
14/08/2021;Teal;Reallinks;djuarezpj@weather.com;26;202;5039 Pearson Center; Banana;10
21/11/2021;Violet;Dabshots;dcutcheepk@canalblog.com;95;920;2 Daystar Place; Pera;25
05/06/2021;Indigo;Blogpad;adantonpl@goodreads.com;21;404;4129 South Plaza; Sandia;51
04/10/2021;Maroon;Brainverse;mpinshonpm@deviantart.com;50;196;531 1st Alley;Espinaca;5
19/04/2021;Maroon;Eabox;dlamberteschipn@sciencedirect.com;92;833;47 Jay Way;Acelga;7
25/01/2021;Blue;Skibox;nvasnetsovpo@springer.com;29;55;46 Saint Paul Parkway;Cereza;60
01/12/2021;Orange;Kwinu;mraltonpp@ehow.com;35;870;9 American Crossing;Pomelo;84
08/01/2021;Turquoise;Roodel;eblampypq@ustream.tv;9;512;167 Gulseth Drive;Limon;12
06/03/2022;Indigo;Pixope;sblazipr@mit.edu;92;65;6944 Mccormick Court; Manzana;35
07/01/2021;Fuscia;Realcube;gwooderps@jalbum.net;79;241;73 Roxbury Circle; Banana;10
21/04/2021;Yellow;Demivee;slandmanpt@aol.com;34;961;1 Grayhawk Crossing; Pera;25
06/01/2022;Crimson;Trudeo;csleithpu@marriott.com;28;885;7960 Pawling Place; Sandia;51
24/05/2021;Violet;Gigazoom;nelhampv@hibu.com;30;642;366 Blue Bill Park Terrace;Espinaca;5
11/10/2021;Purple;Twitterlist;abansalpw@mtv.com;66;75;25 Old Gate Place;Acelga;7
18/07/2021;Goldenrod;Izio;leyeingtonpx@google.com;99;997;7 International Trail;Cereza;60
12/01/2022;Red;Blogpad;ltremainepy@imageshack.us;49;92;440 Homewood Alley;Pomelo;84
30/06/2021;Fuscia;Buzzdog;cswindellspz@cbsnews.com;37;780;95808 Miller Court;Limon;12
21/02/2021;Fuscia;Skynoodle;adaiceq0@com.com;49;740;0 Bonner Circle; Manzana;35
18/04/2021;Purple;Topicblab;rhinchamq1@comcast.net;46;595;635 Westport Street; Banana;10
14/12/2020;Blue;Buzzster;apaybodyq2@prlog.org;37;346;64485 Oak Valley Circle; Pera;25
14/11/2021;Mauv;Mydo;jbanishevitzq3@sina.com.cn;91;334;6 Gerald Lane; Sandia;51
12/02/2021;Red;Zazio;kblakslandq4@mozilla.org;31;281;326 Melvin Plaza;Espinaca;5
29/04/2021;Orange;Skiba;ggoodhewn0@google.com.au;9;5;770 Hansons Junction; Manzana;35
17/02/2022;Aquamarine;Divavu;sdeakinsn1@wikia.com;60;250;41639 Roxbury Terrace; Banana;10
14/03/2022;Turquoise;Pixoboo;gnovakovicn2@github.io;4;243;652 Tony Park; Pera;25
10/04/2021;Khaki;Yadel;lglackinn3@ow.ly;74;256;628 Stoughton Junction; Sandia;51
25/06/2021;Crimson;Abatz;cparcelln4@opera.com;92;273;84 Sugar Place;Espinaca;5
21/08/2021;Crimson;Mydeo;nketteridgen5@hhs.gov;29;940;1608 Dayton Park;Acelga;7
04/02/2021;Violet;Dynabox;ndwightn6@nydailynews.com;19;597;898 Truax Pass;Cereza;60
19/03/2021;Indigo;BlogXS;eincognan7@google.de;33;253;4 Parkside Lane;Pomelo;84
03/01/2021;Red;Twitterwire;mwanen8@shareasale.com;47;585;49813 Forster Junction;Limon;12
25/11/2020;Crimson;Dabjam;esucren9@globo.com;43;450;41927 Myrtle Court; Manzana;35
08/02/2022;Teal;Eamia;ttebbna@cyberchimps.com;13;129;10532 Warrior Circle; Banana;10
20/10/2021;Yellow;Reallinks;bmermannb@goo.ne.jp;1;107;23161 Valley Edge Avenue; Pera;25
30/03/2022;Aquamarine;Blogpad;sbastienc@alibaba.com;67;298;06 Karstens Junction; Sandia;51
18/12/2020;Teal;Zoozzy;ghigounetnd@si.edu;42;274;38 Buell Junction;Espinaca;5
18/02/2022;Orange;Minyx;cbastonene@buzzfeed.com;29;418;3 Dawn Court;Acelga;7
22/04/2021;Puce;Tagfeed;whealynf@oaic.gov.au;25;164;1144 Mallard Park;Cereza;60
